Order,Song ID,Title,Composer,Key,Time signature,Measures,Rows,Sections,Main chords,Max main chords per measure,Slash chords,Alternate chords,Narrow chords,End repeats,Ending numbers,Ending spans rows,Repeat previous measure,Repeat previous two measures,Repeat previous chord,Segno,Coda,Fermata,Playback end,Notes,Time signature changes,Row gaps,Last row measures,Remarks
1,song-3b4ff383fdf74a50b845577a5ee56756b130f4dbc923d387ad754b65d2d4b172,9.20 Special,Warren Earl,C,4/4,26,7,A B A,32,4,0,0,10,1,1 2,false,4,0,0,0,0,0,0,0,0,0,4,
2,song-54375caa479ddada4e33dd5b487c711536bd62bbd60efdd38bf60f28481c11fb,26-2,Coltrane John,F,4/4,32,8,A A B A,58,2,0,0,0,0,,false,0,0,0,0,0,0,0,0,0,0,4,
3,song-85d7b75f4f959f6ecd0647050ad178a236a70b8354ff1799194abf8f4851a5f1,52nd Street Theme,Monk Thelonious,C,4/4,24,6,A B A,34,2,0,0,0,1,,false,4,0,0,0,0,0,0,0,0,0,4,
4,song-4bd448d3cd283f056f6f2101b179d06bf12738927b79a45af299098aee61399b,500 Miles High,Corea Chick,E-,4/4,22,6,,12,1,0,0,0,1,,false,10,0,0,0,2,0,0,0,0,1,4,
5,song-b3eee3fb2b7e3e8e8f4020c09bd9f4b69d2c2fa3f210566f0dd0154cfcefcaa1,502 Blues,Rowles Jimmy,A-,3/4,20,5,,21,2,0,0,0,1,1 2,false,1,0,0,0,0,0,0,0,0,0,4,
6,song-0e6574ce520a4ce6bd0979c4ab976d31fa8672ce8e0962ef007b6bdfa14304d5,A Ballad,Mulligan Gerry,C,4/4,41,11,A B A,78,3,0,4,2,1,1 2,true,0,0,0,0,2,0,0,1,0,0,2,
7,song-c9cfaaca6433c17604c1f9e08b20a74d155088b89f80d2574746b129a5eeb13e,A Beautiful Friendship,Kahn Donald,C,4/4,24,6,A B A,28,2,0,0,0,1,,false,0,0,0,0,0,0,0,0,0,0,4,
8,song-229103dcc137fd22056a97ae3a6789fedabd6c8fbb74e7533b26cb697c65f377,A Blossom Fell,Barnes-Cornelius,Bb,4/4,20,5,A B,37,4,4,0,9,0,,false,0,0,0,0,0,0,0,0,0,0,4,
9,song-991ba2742eee7afb0364eaaa10dc4e30c8a2ac6ee5afc5b4c82c6858d2ff2743,A Certain Smile,Fain-Webster,F,4/4,32,8,A B A C,36,2,1,0,0,0,,false,2,0,0,0,0,0,0,0,0,0,4,
10,song-b4b374e01f95b8b48469fbaf35479c7244b8370494640f13e82f23c35c02e52c,A Child Is Born,Jones Thad,Bb,3/4,30,8,A B,30,1,6,0,0,0,,false,0,0,0,0,0,0,0,0,0,0,2,
11,song-73db8ec691c8c4be23606d389b23b34767a268c04393337eb6dadc6e7fcf51c9,A Felicidade,Jobim Antonio-Carlos,A-,4/4,48,10,A B C D,46,2,3,2,4,1,,false,8,0,0,0,0,0,0,1,0,0,4,
12,song-7d6a4ee282e747fa31f98dfee9b82332dba1549077f8049cac59d8bab30535db,A Fine Romance,Kern Jerome,C,4/4,32,8,A B A C,36,2,0,0,0,0,,false,0,0,0,0,0,0,0,0,0,0,4,
13,song-b1d23d7d2059ae6f8f2a1ccbb65a8e8e2bd8abbb43ce11fbbefa54140cc35447,A Flower Is A Lovesome Thing,Strayhorn Billy,Db,4/4,24,6,A B A,31,3,2,5,4,1,,false,6,0,0,0,0,0,0,0,0,0,4,
14,song-9b169c3c792788829a916baf94909174131da36101fbe7aacddda1c5f9aa3d6e,A Foggy Day,Gershwin George,F,4/4,42,11,v A B C,55,2,5,0,0,1,1 2,true,0,0,0,0,0,0,0,0,0,0,2,
15,song-16b8f99ace8aace39691e79aa4acee57f404a365f9d4af93a75891c0883db873,A Ghost Of A Chance,Young Victor,C,4/4,26,7,A B A,43,2,0,0,0,1,1 2,false,0,0,0,0,0,0,0,0,0,0,4,
16,song-90b2aadcb95d51382004fc32591c5a9732a8a4cf6683e4a4009d37ab395b44a1,A Kiss To Build A Dream On,Kalmar-Ruby-Hammerstein,C,4/4,26,7,A B A,47,2,1,0,0,1,1 2,false,1,0,0,0,0,0,0,0,0,2,4,
17,song-52ea61ebfa0316db5cca1838a6123bfa11f2d797a3a5d874eceed06e25aab917,A Little Tear,Deodato-Valle,Db,4/4,32,8,A B,28,2,0,0,0,0,,false,8,0,0,0,0,0,0,0,0,1,4,
18,song-a8914f28e8f3f94d07763dee3f1f490c6e7903c5a8bcaf2fe18693fd8ab99fa3,A Lovely Way To Spend An Evening,McHugh Jimmy,F,4/4,26,7,A B A,37,3,0,0,2,1,1 2,false,0,0,0,0,0,0,0,0,0,0,4,
19,song-984098a8a844f489ebf07587bf1c5b59febd6fe8e248715bfb0e12719424b425,A Night In Tunisia,Gillespie Dizzy,D-,4/4,40,10,A B A,36,2,0,0,0,1,,false,7,0,0,0,2,0,0,0,0,1,4,
20,song-128c10f70cd171d492aed4a486c22c881d6b8e2bcd6c897f567fde3fab7e19d1,A Nightingale Sang In Berkeley Square,Sherwin Manning,Eb,4/4,30,8,A B A,65,3,4,0,12,1,1 2,false,0,0,0,0,0,0,0,0,0,1,2,
21,song-bbe0dae0550f0e64995b1121f6560656136f7277be005e9099dd5727cc35488d,A Pretty Girl Is Like A Melody,Berlin Irving,G,4/4,32,8,A B,42,3,3,0,3,0,,false,3,0,1,0,0,0,0,0,0,0,4,
22,song-7bb8db196c254580437160576f265798bd5e4c08e89a9c1a3879108388ae9dd2,A Shade Of Jade,Henderson Joe,C-,4/4,40,10,A B A,30,2,0,0,0,1,,false,17,0,0,0,0,0,0,0,0,0,4,
23,song-3997453e75d53909ace97a1976550329c70cbe969e0dce4963c353a4fd246a0b,A Sleepin' Bee,Arlen Harold,Ab,4/4,36,9,A B A C,72,4,0,0,4,0,,false,0,0,0,0,0,0,1,0,0,0,4,
24,song-8bef1b26cb580e8ee07383d4ce35d3379edca797b2cad66b33a2e1741a5f359b,A Smooth One,Goodman Benny,F,4/4,25,7,A B A,43,2,6,0,0,1,1 2,false,0,0,0,0,0,0,0,0,0,0,4,
25,song-d9e6f2822222e187631dbc2f53e520fadea862f8a1982848f8f1408106e27aac,A Sound For Sore Ears,Heath Jimmy,Eb,4/4,24,6,A B C,14,2,0,0,0,0,,false,12,0,0,0,0,0,0,0,0,0,4,
26,song-effe40724a2eefd12875f5d8cdb5bf019e593752675a3f0552ef325103617af1,A Sunday Kind Of Love,Belle-Prima-Leonard-Rhodes,F,4/4,26,7,A B A,49,3,0,0,8,1,1 2,false,1,0,0,0,0,0,0,0,0,2,4,
27,song-3644d3ceca9ec642106a874552cd7b7e27935dfd19d3defd4bbd4a13db42b790,A Taste Of Honey,Marlow-Scott,D-,3/4,22,6,A B,21,2,0,0,0,0,,false,2,0,0,0,0,0,0,0,0,0,2,
28,song-b78f75f3c595b9af34f77bbe5456b5fbce6ea9cae5d4eff5e4dcae4440542623,A Time For Love,Mandel Johnny,F,4/4,38,10,A B C D,53,2,8,0,0,0,,false,0,0,0,0,0,0,0,0,0,0,2,
29,song-519b442461cad0719ec0420927653a08e6645e661281b9bf45c9dbfc413fa984,A Tisket A Tasket,Traditional,Eb,4/4,25,7,A B A,33,2,0,0,0,1,1 2,false,2,0,0,0,0,0,0,0,0,0,4,
30,song-dd4e122dafe92b55997252b1615a1693098198c4a1504491ce673f814037705c,A Weaver Of Dreams,Young Victor,C,4/4,32,8,A B A C,29,2,0,0,0,0,,false,5,0,0,0,0,0,0,0,0,0,4,
31,song-4ebfe8e7db6c8a519543c2be7a3a1de34226e5bed5cc47bc4c2d5a88ce28a4cf,A Wonderful Day Like Today,Bricusse-Newley,Eb,4/4,56,12,A B A,54,2,0,0,0,1,1 2,false,1,3,0,0,0,0,0,0,0,0,4,
32,song-ca13bf23c35740681812fc324e833ca643b2154bca0b51505a7cf3053fad5614,Ablution,Tristano Lennie,Ab,4/4,36,9,A B C D,33,1,0,0,0,0,,false,3,0,0,0,0,0,0,0,0,0,4,
33,song-3c1f4b81bb8aa5a9da78084406015eb503ad3e2753a28a3edaeb1a496679f964,Ac-Cent-Tchu-Ate The Positive,Arlen Harold,F,4/4,24,6,A B A,39,3,0,0,2,1,,false,0,0,0,0,0,0,0,0,0,0,4,
34,song-56fea1395d1eb5a5b37231c723f27e61da2d8b11f132a6540cbb8ba6bb58fd3c,Across The Alley From The Alamo,Greene Joe,F,4/4,26,7,A B A,24,2,0,0,0,1,1 2,false,8,0,0,0,0,0,0,0,0,2,4,
35,song-e1a1ccfb395e63e3d31b59ff563d75299967140d02550e21407129ee9d496828,Adam's Apple,Shorter Wayne,Ab,4/4,24,6,,8,1,0,0,0,0,,false,16,0,0,0,0,0,0,0,0,0,4,
36,song-cfa78cf7717566ce674cf4127c3bec148046581fd465c93e6c6694e8a2a04d02,Affirmation,Feliciano José,B-,4/4,34,9,A B,21,2,0,0,0,2,1 2,true,16,0,0,0,2,0,0,0,0,1,4,
37,song-156768907bc25f29843b28f74175a254a23a093bdcc4a310a88637d84f12b67f,African Flower,Ellington Duke,Eb-,4/4,40,10,A A B C,23,1,0,0,0,0,,false,17,0,0,0,0,0,0,0,0,0,4,
38,song-1b8f562c1229bdc3a1d8c72eaec81659cd7a3749eb7efb1118592a68b21c9d8f,"African Queen, The",Silver Horace,C-,4/4,22,6,A A B,16,2,0,0,0,0,,false,6,4,0,0,0,0,0,0,0,0,2,
39,song-2c2398b129efea58440360fe5d72841bc6e7039a48439492b37a79ee0f3cb188,Afro Blue,Santamaria Mongo,F-,3/4,16,4,,16,2,4,0,0,0,,false,4,0,0,0,0,0,0,0,0,0,4,
40,song-b12424ff47c6ed8fc13c372ec3a8d304eb005c649c0c28bc6408e9e3f6529e77,Afro Centric,Henderson Joe,Db,4/4,26,7,,11,1,0,0,0,0,,false,15,0,0,0,0,0,0,0,0,0,2,
41,song-cc2884313649e87e59cc94690c808d18399328f0b5b74effb326df7b9ca173be,After You,Porter Cole,C,4/4,32,8,A B C,40,2,0,0,0,0,,false,1,0,0,0,0,0,0,0,0,0,4,
42,song-e636d10f00e16056cf39e9ff334d3d72377f516e0c48140e16b3f2a36043a6d1,After You've Gone,Creamer Henry,Bb,4/4,40,10,A B A C,35,2,2,0,0,0,,false,8,0,0,0,0,0,1,0,0,0,4,
43,song-68aa60b677aba51ff1db2d240cba6f4ecd8d268a0a59b164ea446c96fe3ef58d,Afternoon In Paris,Lewis John,C,4/4,26,7,A B A,34,2,1,2,0,1,1 2,false,1,0,0,0,0,0,0,0,0,1,4,
44,song-6bb89f2cb7d73306b30f98fa23ad579be07e9125a26a65152621c9fcb53562e0,Again,Newman Lionel,G,4/4,32,8,A A B C,56,2,0,0,0,0,,false,1,0,0,0,0,0,0,0,0,0,4,
45,song-f1000a323b670e580f77d660f8121df7f5d4f4f22d37bf7f2c19309375883c1d,Agua De Beber,Jobim Antonio-Carlos,D-,4/4,40,10,i A B C,43,2,2,0,0,1,,false,3,0,0,0,0,0,0,0,0,0,4,
46,song-05e73851b30f927083f41357e82c04fade5f885cc633afe32c877552cb36923f,Ahmid-6,Metheny Pat,C,4/4,57,12,A B,71,2,0,0,5,0,,false,9,1,2,0,0,0,0,0,3,0,8,
47,song-ced71a4d632439ab02e3c146caa11f09eca7aeb0129aa47d3b1b2cfe73bcbea7,Ain't Misbehavin',Waller Fats,C,4/4,26,7,A B A,48,2,4,0,0,1,1 2,false,0,0,0,0,0,0,0,0,0,0,4,
48,song-094bb2bbd4df34a7810ae1f147135b62eefc8a890915f53938343a3674d39893,Ain't She Sweet,Ager Milton,Eb,4/4,25,7,A B A,37,2,0,0,0,1,1 2,false,2,0,0,0,0,0,0,0,0,0,4,
49,song-593a2b85c4eeb746ddabddc804b7fcdc369394ce953b8b1e15c64d533b8a436e,Airegin,Rollins Sonny,F-,4/4,36,9,A B A C,39,2,0,0,0,0,,false,3,0,0,0,0,0,1,0,0,0,4,
50,song-5cf8b18b9b2e4242f612a15912e28bd7c920e6e2221cb5a38621706f65769a9f,Airmail Special,Christian Charlie,C,4/4,24,6,A B A,34,2,3,0,0,1,,false,3,0,0,0,0,0,0,0,0,0,4,
51,song-e8041382c8bbd8510d135ae368ada3cd1093195e97b4a731b5fe6ca264a7d29b,Aisha,Tyner McCoy,A-,4/4,27,8,A B A,50,4,0,0,20,1,1 2,false,3,0,0,0,2,0,0,1,0,1,2,
52,song-ffd3c74c53b16c516b292c11f88dc13e8cda322d9d7109db60e2e5fbc659caf0,Alexander's Ragtime Band,Berlin Irving,F,4/4,32,8,A B A C,22,2,0,0,0,0,,false,13,0,0,0,0,0,0,0,0,0,4,
53,song-cf1593b3c9c71ae604dacd63431abb468c4b6d072e9811834aa098b67a0437fb,Alfie,Bacharach Burt,Bb,4/4,32,9,A B A,44,2,2,0,0,1,1 2,true,0,0,0,0,0,0,0,0,0,0,2,
54,song-ab271f50a3d280d942caef134acba051a1bbb69a09c61125bf02425aef9675ea,Alfie's Theme,Rollins Sonny,Bb-,4/4,24,6,A B A,50,3,8,0,4,1,,false,0,0,0,0,0,0,0,0,0,0,4,
55,song-ff60cce4e2bc48108dbe87d1cb3bcf8736ca0116dace226aa4117ac24ffea5fa,Alice In Wonderland,Fain Sammy,C,3/4,34,9,A B,33,1,0,0,0,1,1 2,false,1,0,0,0,0,0,0,2,0,0,4,
56,song-284f66d245423dd7b3a3155cbe3aa65a5a608b07b66be2a4cc19caa6cc51284e,All About Ronnie,Greene Joe,Bb,4/4,30,8,A B,38,2,0,0,0,0,,false,2,0,0,0,0,0,0,0,0,0,2,
57,song-f56c7ce022673af837ea684759b8dd68e79cac3f103848ca3cdfb47d9e062081,All Alone,Berlin Irving,F,3/4,32,8,A B B D,29,2,1,0,0,0,,false,6,0,0,0,0,0,0,0,0,0,4,
58,song-3c09a77dd20cc9897c536d958ca6cc7130209488e30640a638ad5a8b6aa4050c,All At Once You Love Her,Rodgers-Hammerstein,F,4/4,34,9,A B C,35,2,0,0,0,1,1 2,false,2,0,4,0,0,0,0,0,0,0,4,
59,song-8f8461119f6f9822cacf3c6e5a7f5b28e1e18a05cfd9976a00ed99080f8b0c08,All Blues,Davis Miles,G,3/4,24,6,,8,1,1,0,0,0,,false,16,0,0,0,0,0,0,0,0,0,4,
60,song-f45a4b25a04b7f9f70eaccea0fda2202a16537bcefdde59a77e7fc1cea4dd022,All By Myself,Berlin Irving,C,4/4,32,8,A B A C,29,2,1,0,0,0,,false,8,0,0,0,0,0,0,0,0,0,4,
61,song-21f8c21256c710b17701333923bcb07717acf8e5a9316aaa81fd6ae9b15ee584,All God's Chillun Got Rhythm,Kahn-Kaper,F,4/4,32,8,A B A C,50,2,0,3,0,0,,false,1,0,0,0,0,0,0,0,0,0,4,
62,song-80e0d9c4843c3e559031b53bdf3796be08de2029764ebb1a170f8539adcaa76d,All My Tomorrows,Van-Heusen Jimmy,G,4/4,36,9,A A B C,57,3,0,6,2,0,,false,0,0,0,0,0,0,1,0,0,0,4,
63,song-c0548a41a112a2cbd99e82acff58ab03db295813e396393d435c0267bdf2dbff,All Of A Sudden My Heart Sings,Herpin-Jamblan-Rome,C,4/4,31,8,A B,25,2,1,0,0,0,,false,8,0,0,0,0,0,0,0,0,1,4,
64,song-b7efe6ae16196c301f1ce9e20396f21f0c361d838373102bfeed5ac8c2e1bf05,All Of Me,Marks Gerald,C,4/4,32,8,A B A C,23,2,1,2,0,0,,false,11,0,0,0,0,0,0,0,0,0,4,
65,song-f4c0bf6344b6c7b51865a7bc43961a42a4be24b897651eed1a2bcc92e3fc49ed,All Of You,Porter Cole,Eb,4/4,32,8,A B A C,34,2,1,0,0,0,,false,1,0,0,0,0,0,0,1,0,0,4,
66,song-ccb848a275c40e5617410596aa3d8b6d23f26f736107e2d27ef81d5ec87d44df,All Or Nothing At All,Altman Arthur,A-,4/4,39,10,A B,39,2,1,4,0,1,1 2,false,6,0,0,0,2,0,0,1,0,1,5,
67,song-f5114e70668bf00104a0d0daa18854fbce40475cfdfefbc4ccff88f32b245f9e,All The Things You Are,Kern Jerome,Ab,4/4,36,9,A B C D,36,2,0,0,0,0,,false,3,0,0,0,0,0,1,0,0,0,4,
68,song-70c70420588f15e477565d89e0ee81f40a9dc1bc5601cfed9d4fcbb78d25eace,All The Way,Van-Heusen Jimmy,Eb,4/4,34,9,A B,50,2,10,0,0,0,,false,0,0,0,0,0,0,0,0,0,0,2,
69,song-78b3063e8b4199b61ffb4ea375961b730fe5c0f42f56314375970542c1960311,All Through The Day,Kern-Hammerstein,F,4/4,32,8,A B C D,44,2,0,0,0,0,,false,0,0,0,0,0,0,0,0,0,0,4,
70,song-9cf015ebb4c9750b18a6b45a9b59737d7ef40e0241fff4437277ac7064bbb8c2,All Through The Night,Porter Cole,F,4/4,56,10,A B C,59,2,1,0,0,1,1 2,false,4,0,0,0,0,0,0,0,0,0,4,
71,song-9560cf859f0d5b463976175ca407108355acedf27d5fc47e141e76fedd8f392c,All Too Soon,Ellington Duke,C,4/4,26,7,A B A,47,2,1,0,0,1,1 2,false,0,0,0,0,0,0,0,0,0,0,4,
72,song-735a51cab299dd5f20f0dd4e5f2f61f87486cc9012690ae27eb7efda045111da,Almost Like Being In Love,Loewe Frederick,Ab,4/4,30,8,A B A,32,2,1,7,0,1,1 2,false,2,0,0,0,0,0,1,0,0,0,4,
73,song-1c461f0dc667eded06b082365b1a0e4665018938fb5d413fa4394f9b1e6ee322,Alone Together,Schwartz Arthur,D-,4/4,32,8,A B A,40,2,0,2,0,1,1 2,false,4,0,0,0,0,0,0,0,0,0,4,
74,song-08f1b754f8f4b7bd5f8e1cd8ae15fc354600e71ce791d831b807e8872861ee03,Alone Too Long,Schwartz Arthur,G,4/4,26,7,A B A,34,3,3,0,2,1,1 2,false,3,0,5,0,0,0,0,0,0,0,4,
75,song-e8bb615e59e437585c64d628913aa0ec4b37af276e52846482e188ebcb466f9f,Along Came Betty,Golson Benny,Ab,4/4,34,9,A B C,43,2,1,0,0,0,,false,0,0,0,0,0,0,1,0,0,0,2,
76,song-24914263e27cab2bc587f1590f777c156eab7dcfe6578f137df4729051879495,Always,Berlin Irving,F,3/4,32,8,A B C D,32,3,0,0,3,0,,false,2,0,0,0,0,0,0,0,0,0,4,
77,song-13b83ed45cf17478724afb5ce6f938a879acd0f04d0e9f860cd7a256b89b807f,Always And Forever,Metheny Pat,A-,4/4,35,9,i A B C,63,3,13,0,13,0,,false,0,0,0,1,2,0,0,1,0,2,5,
78,song-dce22699adf46d2aac57ec6db60bdc77a864e78dcc6fced985a255745f08cc91,Am I Blue?,Akst Harry,F,4/4,26,7,A B C,36,2,0,0,0,1,1 2,false,1,0,2,0,0,0,0,0,0,0,4,
79,song-3a7a36cb03fc11ce27082002381b60da6eff16335a88c614b9d24d11b7807178,Among My Souvenirs,Nicholls Horatio,Eb,4/4,26,7,A B A,39,2,0,0,0,1,1 2,false,0,0,0,0,0,0,0,0,0,0,4,
80,song-a6e9fe2af53067abfa6734beb122278431276ea8e3242463e97d21abb8c83f94,Ana Maria,Shorter Wayne,G,4/4,46,10,A B C,49,2,13,0,0,2,,false,4,0,0,0,0,0,0,0,0,0,4,
81,song-8f460450bf1b4d29c98bbe783859c92c086e0b6bf231714bbc6b74228a2d6a5a,And On The Third Day,Gibbs Michael,D,4/4,33,8,i A,14,1,0,0,0,2,,false,19,0,0,0,2,0,0,1,0,1,4,
82,song-f132d1f3f64057d417643ea9aa967f94c2b8e07017c40218a4f50fef1a987c3e,And The Angels Sing,Elman Ziggy,Eb,4/4,36,10,A B,59,3,0,0,4,1,1 2 3,true,3,0,0,0,0,0,0,1,0,0,4,
83,song-638d7d516bb59c7b752ae0fbf73ee1e71dad8c69a0f7880e889f13bd0e91491e,And What If I Don't,Hancock Herbie,Eb,4/4,26,7,A B A,23,2,2,0,0,1,1 2,false,6,0,0,0,0,0,0,0,0,0,4,
84,song-51ba68bf1eda4244c203cfb504c17251d68a75c83d5f63499ab47d0b18e21112,Angel Eyes,Dennis Matt,C-,4/4,24,6,A B A,48,3,0,8,12,1,,false,0,0,0,0,0,0,0,0,0,0,4,
85,song-ade5b084defd8a7405d23fde8bd739a4b2b6520ba0bf474b0cb73f2dafb9f83c,Anthropology,Parker Charlie,Bb,4/4,26,7,A B A,38,2,0,0,0,1,1 2,false,4,0,0,0,0,0,0,0,0,0,4,
86,song-78943b2e2fce97cd57f2da4b0e6009e49c5b1658330af92ee3ed6f07626f5e9a,Anything Goes,Porter Cole,C,4/4,42,11,v A B C,43,2,1,24,0,1,1 2,false,9,0,0,0,0,0,0,0,0,1,4,
87,song-4b7a4fd037abe6dfb6eebf25ab13d9c4e09fc00af88df812cf63b31e03254ba5,April,Tristano Lennie,G,4/4,48,12,A B A,35,2,0,0,0,0,,false,14,0,4,0,0,0,0,0,0,0,4,
88,song-d08760f557f0fcf07fad5176e63081ba7a3c9ea0d801335ae933fb3b8c4ca3b1,April In Paris,Duke Vernon,C,4/4,32,8,A B C D,42,3,3,0,2,0,,false,3,0,0,0,0,0,0,0,0,0,4,
89,song-9be8a47613424cf879381062e85c9620c57cfb1cc82123fe03a5f74b01083097,April Joy,Metheny Pat,F,4/4,28,7,A B,25,2,4,0,0,0,,false,7,0,0,0,0,0,0,0,0,0,4,
90,song-89ab20f1e2c37935f6a1a8bc647bd1893b4250b4a0c04008a4eabb225174ff0a,April Skies,Collette Buddy,G,4/4,32,8,A B,29,2,0,0,0,0,,false,3,1,0,0,0,0,0,2,0,0,4,
91,song-e2be98845b27263505f5814ae26b949adb18399be5c0fbf56c7daef2ace80efb,Aren't You Glad You're You,Van-Heusen Jimmy,F,4/4,32,8,A A B A,51,2,3,0,0,0,,false,0,0,0,0,0,0,0,0,0,0,4,
92,song-163bc40f7e8bd91e1f5bd641344ebb48d2973ecc9d28b7430e7126e6df9cc827,Armageddon,Shorter Wayne,Bb-,4/4,32,8,i A,37,2,2,0,0,2,,false,0,0,0,0,2,1,1,0,0,1,4,
93,song-3bf2c93b34b31acf448b8ef6f987df55a3acfe0bd23d2fa36551974354946c85,Armando's Rhumba,Corea Chick,C-,4/4,20,5,A B,18,1,2,4,0,0,,false,2,0,0,0,0,0,0,0,0,0,4,
94,song-a4fd9aa138ad0f65a5a4aa219ff186ec4d62251be6bf83e776d2fecc4aa79f38,As Long As I Live,Arlen Harold,F,4/4,26,7,A B A,36,2,0,0,0,1,1 2,false,2,0,0,0,0,0,0,0,0,0,4,
95,song-6f058f6f89eb9c3534a6af0621faeadbd0742c7fb4e88472cac6b8092141b6c2,As Time Goes By,Hupfeld Herman,Eb,4/4,26,7,A B A,44,3,0,10,2,1,1 2,false,0,0,0,0,0,0,0,0,0,0,4,
96,song-da1cdc8844a7614fa227365b2806b34f4d503b3a961d66c544e4b85b328ed908,Ask Me Now,Monk Thelonious,Db,4/4,25,7,A B A,52,4,0,0,20,1,1 2,false,1,0,0,0,0,0,0,0,0,0,4,
97,song-c51fd20ad34ee7d6f2ad9cc8c62511103389fa67dbbcaeb066181c4951fbfa55,At Last,Warren Harry,C,4/4,26,7,A B A,51,2,0,0,0,1,1 2,false,0,0,0,0,0,0,0,0,0,0,4,
98,song-42e02d8673773a848938d5702f71ab24488694829a9fd3c3987d1460ab11bd88,At Long Last Love,Porter Cole,C,4/4,32,8,A B,44,2,8,22,0,0,,false,1,0,4,0,0,0,0,0,0,0,4,
99,song-8bbca61268654e4eb1c494fef1f1f846a9a8596acaa2ef7935f9536d87966b77,Au Privave,Parker Charlie,F,4/4,12,3,,16,2,0,0,0,0,,false,0,0,0,0,0,0,0,0,0,0,4,
100,song-bc226ded6c286820517ba8b53691106c43f257d08459768b044328a0d51ed306,Autumn In New York,Duke Vernon,F,4/4,32,8,A B C D,60,3,0,0,4,0,,false,0,0,2,0,0,0,1,0,0,0,4,
101,song-459196e736e24f85d48c5e4653c3c58868bc1c200cb0747e9c3d8f2e4a9b29ee,Autumn Leaves,Kosma Joseph,G-,4/4,24,6,A B C,23,2,0,0,0,1,,false,3,0,0,0,0,0,0,0,0,0,4,
102,song-e108b5fbecf625b86ed93d3f221abaafde8802c11839d7fd1b4b635e506ce766,Autumn Nocturne,Gannon-Myrow,C,4/4,31,8,A B C,56,3,3,4,8,1,1 2,false,4,0,0,0,0,0,0,0,0,0,4,
103,song-e2efce6a837881d45767f75aec84a2be620429ae4203f0ee60f6a93b9a8b2ae7,Avalon,Jolson-Sylva-Rose,Bb,4/4,32,8,A B,17,1,0,0,0,0,,false,15,0,0,0,0,0,0,0,0,0,4,
104,song-5c64d9e9b1e949b65eb35149d465fbd9b56a84bb26d9660fb7e0ecdbe9cf4be1,Ba-lue Bolivar Ba-lues-are,Monk Thelonious,Bb,4/4,12,3,,12,2,0,0,0,0,,false,1,0,0,0,0,0,0,0,0,0,4,
105,song-5d6fe04dcb74537b5e5930d5c9c381b6fb4d075571654ce987a0cae8c7aee198,"Baby, Won't You Please Come Home",Warfield-Williams,G,4/4,19,5,,27,3,0,0,1,1,1 2,false,1,0,0,0,0,0,0,0,0,0,3,
106,song-2b479bd7debfd404258b57a9203d009b57c3a6ea93fb2cfaf7e60cfcce4e04c0,Background Music,Marsh Warne,Ab,4/4,32,8,A B A C,24,2,0,0,0,0,,false,9,0,0,0,0,0,0,0,0,0,4,
107,song-9292ecc705c5dbcb2c619c2769b9eab3fbd4d6c3d7b263644e31873d2e830794,Backstage Sally,Shorter Wayne,F-,4/4,16,4,,32,2,0,0,2,0,,false,0,0,0,0,0,0,0,0,0,0,4,
108,song-08ef48194462ea4fbe062d360b5d48cb6d8a272af9ece4bd849aa0292a471627,"Backward Step, The",Payton Nicholas,Bb-,4/4,10,3,,11,2,0,0,0,0,,false,0,0,0,0,0,0,0,0,0,0,2,
109,song-8cd269f1c39fd898838de3aa62e6413cc32e3f59f90f3ad2b9a9934bd4298317,Bags and Trane,Jackson Milt,C-,4/4,12,3,,8,1,0,0,0,0,,false,4,0,0,0,0,0,0,0,0,0,4,
110,song-523a956b8354ddb26e5fc3057a931a4642217beb1ffaf6a77c749c9330470b7e,Bags' Groove,Jackson Milt,F,4/4,12,3,,13,2,0,0,0,0,,false,2,0,0,0,0,0,0,0,0,0,4,
111,song-60bd6de323d876b2c706e2199cb74b9b46a0e0d4ed8c35809b21f6379fbe1000,"Balance, The",Holland Dave,G-,5/4,8,2,A,15,3,0,0,2,0,,false,0,0,0,0,0,0,0,0,0,0,4,
112,song-eaceabe25e176f08a7825ca3e4f5cf19b636f5498be3e53462139d801db3574c,Ballad For Very Tired And Very Sad Lotus Eaters,Strayhorn Billy,Ab,4/4,26,7,A B A,50,2,12,0,0,1,1 2,false,0,0,0,0,0,0,1,0,0,1,4,
113,song-9f3ecb95ebd5500ad1f94ee7ecd9b076f930575d420a79a4e42fbf01fde04150,Ballade,Parker Charlie,F,4/4,32,8,A A B A,42,3,0,1,2,0,,false,5,0,0,0,0,0,0,0,0,0,4,
114,song-131d93add12c65f0116361f2c185b47dc41850c252177df9fd0f4b3ae6d5635c,Baltimore Oriole,Carmichael Hoagy,G-,4/4,36,9,A B,55,2,8,4,0,0,,false,0,0,0,0,0,0,0,0,0,0,4,
115,song-234e0e852990ab1d6a667928033ba3a798d8ddff83474fb6c615474b1713d6af,Barbados,Parker Charlie,F,4/4,28,7,i A,35,2,0,0,0,1,,false,2,0,0,0,0,0,0,2,0,2,4,
116,song-7db2ab2c333016dff5e7e4fdcfe97d2eeb0edc4ec455d21d1383e21eebc3e1ca,Barbara,Silver Horace,Eb,6/4,26,7,A B,29,2,0,0,0,1,1 2,true,5,0,0,0,0,0,0,0,0,0,2,
117,song-8d8900216270cadc10ca5b655e5feb1877199f3d47f3d642584ec1fd2093c753,Bark For Barksdale,Mulligan Gerry,F,4/4,30,8,A B A,32,2,0,0,0,1,,false,4,0,4,0,2,0,0,0,0,1,4,
118,song-1c656ff1fd47167410cddc5c152b4f209110663dd36e44319b4729588faa43ac,Basin Street Blues,Williams Spencer,Bb,4/4,24,6,i A,40,4,10,0,16,1,,false,2,0,0,0,0,0,0,0,0,1,4,
119,song-51b69a9fba5d25e74c3369f4b5510aa6bdbb0c12e6c2da642262f865d267dae9,"Bat, The",Metheny Pat,G,4/4,20,7,B C,43,4,15,0,1,1,,false,0,0,13,0,2,1,1,0,4,6,6,
120,song-3fcc691425d45b1dc76161a25d3c17b6df2b85b0df50b1bebdc80d1b6b187dcf,"Baubles, Bangles and Beads",Borodin-Wright-Forrest,Ab,3/4,36,9,A B C A,32,1,0,0,0,0,,false,4,0,0,0,0,0,0,0,0,0,4,
121,song-364d07118eef8b53ac345b4b0a7e2faf8cc75681db09d5c6cc32e8bbf66c8a2f,Be Careful It's My Heart,Berlin Irving,F,4/4,32,8,A B A C,45,2,8,0,0,0,,false,4,0,0,0,0,0,0,0,0,0,4,
122,song-20572a64ddeaf70c87a46ff6272ce44d13f61490dc26bf55c3e68e78d6ef382c,Be My Love,Brodszky Nikolaus,G,4/4,36,9,A B A C,43,2,2,0,2,0,,false,3,0,0,0,0,0,0,0,0,0,4,
123,song-7cbe112281dfb7aeb993fcd1ef6738e34f50d78952cc1bf41499c3252e4e9d8d,Be-Bop,Gillespie Dizzy,F-,4/4,24,6,A B A,38,3,8,0,4,1,,false,1,0,0,0,0,0,0,0,0,0,4,
124,song-2af757a973e8ad3d1b1acfaa8b699f5a04eb722d496cd3880f342b4ea18a3eac,Bean And The Boys,Hawkins Coleman,Ab,4/4,51,12,A B C,52,2,4,0,6,1,1 2,false,10,0,0,0,0,0,0,0,0,0,8,
125,song-2c67dc9937875d1eb73a3d12ecd43e8db8fc1fae4dfc1784b47b951c687b4c3f,Beatrice,Rivers Sam,F,4/4,16,4,,18,2,0,0,0,0,,false,0,0,0,0,0,0,0,0,0,0,4,
126,song-41531f63be2205736918b6e46342a8dc819860e551e0fd0e4b0d5324cefab9bb,Beautiful Love,Young Victor,D-,4/4,24,6,A B C,25,2,0,1,0,1,1 2,true,2,0,0,0,0,0,0,0,0,0,4,
127,song-3bffe52de01e3287cda7cfee42f2cb1a645052143d36536aa4a884c0d4469ef7,Beauty And The Beast,Shorter Wayne,F,4/4,28,7,i A,25,2,1,0,0,2,1 2,false,10,0,0,0,0,0,0,1,0,0,4,
128,song-79907e7905697bb7e4801a357fb2fbff87830a8166193bd73dbd4a109595e5da,Begin The Beguine,Porter Cole,C,4/4,72,9,A B A C,61,2,0,0,2,2,1 2,false,12,0,0,0,0,0,0,0,0,0,8,
129,song-7820456124e2af84776175978c064fe2846cf7663fa6550251da4eee193b61ed,Bein' Green,Raposo Joe,Bb,4/4,25,7,A B A,34,4,5,0,4,1,1 2,false,1,0,0,0,0,0,0,0,0,1,4,
130,song-909a29e48a6b998da10ce9d3d1ad78403c534276c8fd743ecdd8a049cbcc6e33,Bellarosa,Hope Elmo,Eb,4/4,30,8,i A B A,62,4,0,0,10,1,1 2,false,0,0,0,0,0,0,0,0,0,0,4,
131,song-768c00fc923dd24d3f5cc139380dfd33715689615737f35cf8d209802099821b,Bemsha Swing,Monk Thelonious,C,4/4,16,4,,31,2,0,0,0,0,,false,0,0,0,0,0,0,0,0,0,0,4,
132,song-131aa54f030e48d8f0f03b34d4d7bc568aa2205c90bae4a47a390599ae4432f5,Benny's Tune,Loueke Lionel,Db,6/4,27,7,i A B,27,1,10,0,0,2,,false,0,0,0,0,2,0,0,1,0,2,5,
133,song-df3d8fb34a4d6a30699d926d63bbe60d72dab2e591c68fc3142adca05a5bfe46,Bernie's Tune,Miller Bernie,D-,4/4,26,7,A B A,30,2,0,2,0,1,1 2,false,5,0,0,0,0,0,0,0,0,0,4,
134,song-7fd2cfb337d2b90aa94517926ca0c7be7a5397e0a39a435c69e9df1428775cd2,Besame Mucho,Velazques Consuelo,D-,4/4,40,10,A B A,41,2,0,0,0,0,,false,10,0,0,0,0,0,0,0,0,0,4,
135,song-7347c24834ce648dc9a1d65e2ba0ee40170e2e04f7bd0ca39e23016686982085,Bess You Is My Woman,Gershwin George,Bb,4/4,42,11,A B C,83,4,17,0,12,1,1 2,true,0,0,0,0,0,0,1,0,0,0,2,
136,song-7921f23120463c44b93ce88bb81fc05e70cfef0d3f07ebe1415ccec6acf49aaa,Bessie's Blues,Coltrane John,Eb,4/4,12,3,,9,1,0,0,0,0,,false,3,0,0,0,0,0,0,0,0,0,4,
137,song-84c7ab9a26cb4ec2bdbf9adb76e8f768ceab16568bfde5cd98639537e9785b1d,"Best Is Yet To Come (Page 1), The",Coleman Cy,Ab,4/4,37,9,A B A,49,3,1,0,10,1,1 2,false,6,2,0,0,0,0,0,0,0,0,5,
138,song-b3cd9e753b4c693d59016a197c015594eac85fcc1614c09540cc4f2bcd23f376,"Best Is Yet To Come (Page 2), The",Coleman Cy,Ab,4/4,32,8,C C D A,46,3,4,0,2,0,,false,2,0,0,0,0,1,0,0,0,0,4,
139,song-0295c7a4d057e2f76eb77d7b99572ce6034779fa16f9d5752fa8f74bdf222a62,"Best Thing For You Is Me, The",Berlin Irving,C,4/4,30,8,A B C,42,2,4,0,0,1,1 2,false,2,0,0,0,0,0,0,0,0,0,4,
140,song-2b0cca1894b4b9ace7728945fc3ee62ca10c53a612be236f8225082c927ab12c,"Best Things In Life Are Free, The",DeSylva-Brown-Henderson,C,4/4,32,8,A B,29,2,1,0,0,0,,false,8,0,0,0,0,0,0,0,0,0,4,
141,song-d8f3d123276b807fe6ca72f4371062e91f2fac964f873f56f8281f7a7c89dee6,Better Days Ahead,Metheny Pat,C,4/4,35,10,A B C D,65,3,16,0,4,0,,false,0,0,0,0,2,0,0,0,0,1,3,
142,song-bb3b07b7c5660ce34115fdc1bde609d8d43f3d9b73dfc5195eeb39e0fa9a68ef,Better Git It In Your Soul,Mingus Charles,F,6/4,30,8,A B A,35,2,0,0,0,1,1 2,false,0,0,0,0,0,0,0,1,0,0,2,
143,song-329d07c25ee2e29c72de9de4e8d328e06c2b34c62aa28c20aacb43ac4622b3f0,Better Than Anything,Loughborough-Wheat,D,3/4,26,7,,28,2,0,0,0,0,,false,0,0,0,0,0,0,0,0,0,0,2,
144,song-bd107ec7524fa714973793068dfdd2b31577550728b0276431ece793a120f6a1,Between The Devil And The Deep Blue Sea,Arlen Harold,F,4/4,25,7,A B A,44,2,0,0,0,1,1 2,false,0,0,0,0,0,0,0,0,0,0,4,
145,song-62b7851c9f87922fef9e73cb3abc148b3f6038e9886fcf8c95a846d614953343,Bewitched,Rodgers Richard,C,4/4,27,7,A B A,47,3,4,14,4,1,1 2,false,2,0,0,0,0,0,0,0,0,0,4,
146,song-71b0b7b9d997ee0a683c6c853d3178287478baa5449dea5dd2ad1b3322bb8407,Beyond The Blue Horizon,Whiting-Harding,Bb,4/4,32,8,A B,25,2,0,0,0,0,,false,8,0,0,0,0,0,0,0,0,0,4,
147,song-dd8e75012c0f8e73fdcdded5c30b1be52960420324a703d67c22f653b8a83d95,Beyond The Sea,Trenet Charles,F,4/4,38,10,A B A,71,2,2,0,0,1,1 2,false,0,0,0,0,0,0,0,0,0,0,4,
148,song-14c8293c09883389234049d5f50584aeb172aa7190ebed0573d72171525e8635,Bidin' My Time,Gershwin George,Eb,4/4,24,6,A B A,38,3,2,0,2,0,,false,0,2,0,0,0,0,0,0,0,2,4,
149,song-48e6fa27e3e0521e9ba131eed21cd0138b32039a6e4e15739b064aa61aabf0ea,Big Nick,Coltrane John,G,4/4,8,2,A,16,2,2,0,0,0,,false,0,0,0,0,0,0,0,0,0,0,4,
150,song-4e4c70395194ee05960fdca60f74e59d50e9b4403835d64854818c8e91d703da,"Big Push, The",Shorter Wayne,Db,4/4,40,10,i A,24,1,0,0,0,1,,false,0,8,0,0,0,0,0,1,0,1,4,
151,song-a34cbce8269c7a84e0f428b473e8618f8de1e44c725e272598d7d93c92c319c0,"Bill Bailey, Won't You Please Come Home",Cannon Hughie,G,4/4,32,8,A B A C,23,2,1,0,0,0,,false,11,0,2,0,0,0,0,0,0,0,4,
152,song-d42b763e71e8c1ace4b33a9e7976cdc1c72b1377a65cc430d734abdcded36f15,Bill's Hit Tune,Evans Bill,C-,4/4,37,10,A B,44,2,7,0,0,0,,false,1,0,0,0,2,0,0,1,0,1,4,
153,song-f9cf9191a8d36a0d23c3697e40ca03b4daf2f3e6fbc212836343a53aa2fdb2f9,Billie's Bounce,Parker Charlie,F,4/4,12,3,,16,2,0,0,0,0,,false,0,0,0,0,0,0,0,0,0,0,4,
154,song-0bba2074242251b7bf26d33693a8e50e746a085558db0c1b0d1374c24ed2d06a,Billy Boy,Traditional,C,4/4,42,11,A B A,59,2,0,0,0,1,1 2,false,0,0,0,0,0,0,0,0,0,0,4,
155,song-07d165b3931dea5560b2850d5d50c7a0101cd181445219301b4de1078eec4df3,Birk's Works,Gillespie Dizzy,F-,4/4,12,3,,13,2,0,0,0,0,,false,3,0,0,0,0,0,0,0,0,0,4,
156,song-a8e5237f01ea36b52879c0fc2ecdf12807e1c3dab1ca78b71087b66be360c0ca,"Birth Of The Blues, The",Henderson Ray,C,4/4,26,7,A B A,38,2,0,0,0,1,1 2,false,4,0,0,0,0,0,0,0,0,0,4,
157,song-62454b60f575f08f40edfb90a95c31c4c036955a6148cf23f2a3e875708f1ed8,Black And Blue,Waller Fats,C,4/4,26,7,A B A,37,2,0,2,0,1,1 2,false,2,0,0,0,0,0,0,0,0,0,4,
158,song-d60df126f52b0030f5d791012a74a8d74518c789cb624de9a4ae8855fec562c2,Black And Tan Fantasy,Ellington-Miley,Bb-,4/4,22,6,A B,26,4,1,0,12,1,1 2,false,8,0,0,0,0,0,0,1,0,0,2,
159,song-a544ea4344f562793217062249eaa13fe0314d1770c19eb084915fb8103677c8,Black Butterfly,Ellington-Carruthers-Mills,F,4/4,24,6,A B A,50,4,4,0,18,1,,false,1,0,0,0,0,0,0,0,0,0,4,
160,song-30a169d99e686aff3d03598709fe105ecec8bc5e3cd82ccfa7f25e1846b28c16,Black Coffee,Burke-Webster,C,4/4,34,9,A B A,40,2,0,0,0,1,1 2,false,10,0,0,0,0,0,0,0,0,0,4,
161,song-684739812b4512d4ec4152bce797273582ec69c47d867107b300b86e2121cb23,Black Narcissus,Henderson Joe,G#-,3/4,24,6,A B C,27,2,6,0,1,0,,false,0,0,0,0,0,0,0,0,0,0,4,
162,song-312b4c28f573283f65d48869460b20c92d7ad56863f228c7d4604ff0d2a523fa,Black Nile,Shorter Wayne,D-,4/4,35,9,i A B A,43,2,0,0,0,1,1 2,false,0,0,0,0,0,0,0,1,0,1,4,
163,song-1f636b5cf58f67bcc41b38fe5118f18dfd29c33acb294ab343194fac52fa82a7,Blackberry Winter,Wilder Alec,F,4/4,26,7,A B A,53,4,0,0,8,1,1 2,false,0,0,0,0,0,0,0,0,0,0,4,
164,song-12ca7a13bee7a6b222a856957d5162620519346a00991f39ff3d827fe72fd707,Blame It On My Youth,Levant Oscar,Eb,4/4,32,8,A B A C,62,3,1,0,4,0,,false,0,0,0,0,0,0,0,0,0,0,4,
165,song-7f7a099f190420c8a7fc3156fafa7afd688aa75e1baaede54dad0c45c4b85eda,Blood Count,Strayhorn Billy,D,4/4,40,10,A A B A C,53,2,6,0,0,1,,false,1,0,0,0,1,0,0,1,0,1,4,
166,song-1bd06d4f523aa4c4fd8fce61a06b76946a4944716bc5c3758695bf8d5f097718,Bloomdido,Parker Charlie,Bb,4/4,12,3,,13,2,0,0,0,0,,false,1,0,0,0,0,0,0,0,0,0,4,
167,song-201ded0b8fbba13ba3f91107f46654ef97bd8a02329a2d4d9c1834a8a1b8128e,Blue (And Broken Hearted),Leslie-Handman-Clarke,Bb,4/4,23,6,,19,2,1,0,0,1,1 2,true,5,0,0,0,0,0,0,0,0,0,4,
168,song-99901b4260ea3d09ba583b8d69eb0bd23b01fddfad8452a369bd88bcea606b20,Blue And Sentimental,Livingstone-David-Basie,Eb,4/4,18,5,A B C,51,4,2,0,30,0,,false,0,0,0,0,0,0,0,0,0,0,2,
169,song-4156082fce550b3c0a0103de7d7eecc6c7f5c4770f47e8595518740b125f1757,Blue Bossa,Dorham Kenny,C-,4/4,16,4,,13,2,0,0,0,0,,false,4,0,0,0,0,0,0,0,0,0,4,
170,song-366cf4ec2602496092e17e120a2feb865a2632f00823a7b4ac47d501cc12d61f,Blue Champagne,Watts-Ryerson-Eaton,F,4/4,26,7,A B A,51,3,0,0,4,1,1 2,false,0,0,0,0,0,0,0,0,0,0,4,
171,song-6467a4964ca97e314d92d7523ba43a53fed25cae03493bf2e7ec9a88cd95f958,Blue Daniel,Rosolino Frank,D,3/4,19,5,,20,2,0,0,0,0,,false,0,0,0,0,2,1,0,0,0,1,5,
172,song-3c54c50d8b4643de1c4b30f1b95f4d4b85ca59c73d506c0c31e71c0c956f49e7,Blue In Green,"Miles Davis, Bill Evans",D-,4/4,14,4,,16,2,0,0,0,0,,false,0,0,0,0,2,1,0,0,0,1,4,
173,song-b483f71aef70226aef3ec4dcff2b3f7411de392b426dab4b2803e1b637dd5d1e,Blue Lou,Mills Irving,Bb,4/4,26,7,A B A,30,2,0,0,0,1,1 2,false,0,0,0,0,0,0,0,0,0,2,4,
174,song-8c1419b99f791e2fb6af1606fd91b87e2c5276edc108b4f5196e174b330815f1,Blue Monk,Monk Thelonious,Bb,4/4,12,3,,7,1,0,0,0,0,,false,5,0,0,0,0,0,0,0,0,0,4,
175,song-f00191c7d311a18be05291bc4d02887383a570d31a3037bec7f69debc5c43578,Blue Moon,Rodgers Richard,Eb,4/4,26,7,A B A,51,2,1,0,0,1,1 2,false,0,0,0,0,0,0,0,0,0,0,4,
176,song-c52b33b76ce99b2d8c4f22a744d2489cf934df739ca7b4271484f93755f81502,"Blue Room, The",Rodgers Richard,F,4/4,26,7,A B C,53,4,3,0,8,1,1 2,false,0,0,0,0,0,0,0,0,0,0,4,
177,song-ab149b11a795875a2dfeb0d2d9431ddfbfa8dadfe281d46da47d783e993a0308,Blue Silver,Silver Horace,Eb-,4/4,32,8,A B A,41,3,2,0,4,0,,false,6,0,0,0,0,0,0,0,0,0,4,
178,song-bd0796f962b243de8926ed9cf01c335aefc8917eff6b0bcf733570ec2df4f1e7,Blue Skies,Berlin Irving,C,4/4,28,7,A B A,41,2,6,0,0,1,1 2,false,1,0,0,0,0,0,1,0,0,0,4,
179,song-703c7c984e3bfe1dd5325df6a1c06a4b85bf14efe2351d825859060d618001e9,Blue Sphere,Monk Thelonious,Bb,4/4,12,3,,7,1,0,0,0,0,,false,5,0,0,0,0,0,0,0,0,0,4,
180,song-d9434115b54d46fc3204a0c6b7ba742bcffd71905e35bf5867cc74a889ed7f25,Blue Turning Grey Over You,Waller Fats,Bb,4/4,26,7,A B A,40,2,1,0,0,1,1 2,false,0,0,0,0,0,0,0,0,0,0,4,
181,song-3f2389bbcded0ea2c93cc7a5b0eef283940c0e382dedf5d520b6006eb3dc2e07,Blueberry Hill,Lewis-Stock-Rose,Eb,4/4,26,7,A B A,29,2,0,1,0,1,1 2,false,6,0,0,0,0,0,0,0,0,0,4,
182,song-f90d1f06d47cc1d51760189566086b2b5378eacd15060979e58bd476358bbd43,Bluehawk,Monk Thelonious,Bb,4/4,12,3,,7,1,0,0,0,0,,false,5,0,0,0,0,0,0,0,0,0,4,
183,song-7371037d8b32db1fccbe591b7741b6db60d7f35e03ed49aec4f8efdceb59acbe,Blues Connotation,Coleman Ornette,Bb,4/4,12,3,,13,2,0,0,0,0,,false,0,0,0,0,0,0,0,0,1,0,4,
184,song-dd7ec472c947d76dbd85872003cfc40be8e058336f299681e251f3220439a419,Blues Five Spot,Monk Thelonious,Bb,4/4,12,3,,8,1,0,0,0,0,,false,4,0,0,0,0,0,0,0,0,0,4,
185,song-084dcef95d87d2272ba69791647b708eb00444b155064c4ad749a45c029de701,Blues For Alice,Parker Charlie,F,4/4,12,3,,20,2,0,1,0,0,,false,0,0,0,0,0,0,0,0,0,0,4,
186,song-bc909eb702ca5bb74ee0fbc0fb823391173b46a5ccd6c34a0a261eb61d235504,Blues For Wood,Shaw Woody,F-,4/4,12,3,,8,2,0,0,0,0,,false,5,0,0,0,0,0,0,0,0,0,4,
187,song-b34475f76f795607e5e9f095726a45a5800b38667ec23259fcea343626985e3a,Blues In The Closet,Pettiford Oscar,Ab,4/4,12,3,,6,1,0,0,0,0,,false,6,0,0,0,0,0,0,0,0,0,4,
188,song-736cee1479b342a772d88d5bf8a0a1352f68f7ea9b610f311640c6bb3fcaabf1,Blues In The Night,Arlen Harold,G,4/4,26,7,A B,30,2,0,0,0,2,1 2,false,3,0,0,0,2,0,0,1,0,1,4,
189,song-f82043cccef66059040d3316d1bb39f2b463d7909538908af3c9ed5a559772fb,Blues March,Golson Benny,Bb,4/4,26,7,A B,38,2,1,0,0,3,,false,2,0,0,0,2,0,0,2,0,2,2,
190,song-08d4255865a4c6dd6f2a1da451ec25ddfbe1044c716867e77278f90269b33979,Bluesette,Thielemans Toots,Bb,3/4,24,6,,20,1,0,0,0,0,,false,4,0,0,0,0,0,0,0,0,0,4,
191,song-6d4800997933a9f17b693c703b02aa8282f690d502bc4a6de356564465a90e5f,Body And Soul,Green Johnny,Db,4/4,25,7,A B A,60,4,3,0,23,1,1 2,false,0,0,0,0,0,0,1,0,0,0,4,
192,song-de1594ed3faaf7e7c0d5712eade37f01b53b84112cc50e28205085561102b531,Bohemia After Dark,Pettiford Oscar,G-,4/4,26,7,A B A,21,2,0,0,0,1,1 2,false,7,2,0,0,0,0,0,0,0,0,4,
193,song-c86c000331eb8ea75ee7c06083624adf419c5521b6ba5c9049b0180d479c58b4,Bolivia,Walton Cedar,D,4/4,32,6,i A B,19,2,1,3,0,2,,false,14,0,0,0,0,0,0,0,0,1,8,
194,song-c7be39e6694641645538fee04d205342ed8bcd11cdbe42332f2171496bf7261a,Boo Boo's Birthday,Monk Thelonious,C,4/4,13,4,A B,16,2,0,0,0,1,,false,1,0,0,0,0,0,0,0,0,0,1,
195,song-9056ddf238900ea0c6c2db46a559fcd25bf1b817318d514c993fa7ed5ec454de,Booker's Waltz,Little Booker,Ab,3/4,16,4,,14,1,0,0,0,0,,false,2,0,0,0,0,0,0,0,0,0,4,
196,song-3a885bf3b645c23969a5cf66e8331e8bc6aafe64f0fe072ffb1b3c74a90b0e5a,Boplicity,Henry Cleo,F,4/4,24,6,A B A,37,2,4,0,0,1,,false,1,0,0,0,0,0,0,0,0,0,4,
197,song-11874f5ec32572bcefa5d413670f0905f21412e192f11d37981b9c207feac0ea,Born To Be Blue,Wells-Torme,C,4/4,26,7,A B A,53,3,0,0,6,1,1 2,false,0,0,0,0,0,0,1,0,0,0,4,
198,song-05944325dd135b06fca75b2f2a2fc96667f77320304a1e5cb09cb052657a80a9,Bossa Antigua,Desmond Paul,Ab,4/4,32,8,A B C A,32,2,0,0,0,0,,false,1,0,0,0,0,0,0,0,0,0,4,
199,song-680a40e516500a06d8ae02dbc244d41c7179cfac40d9c50c3ed576721ec104fb,"Boulevard Of Broken Dreams, The",Dubin-Warren,D-,4/4,26,7,A B A,36,2,2,0,0,1,1 2,false,0,0,0,0,0,0,0,0,0,0,4,
200,song-8fbce16a179332912ad12744906040052c3f93ac11e04d002837750a030dfb00,Bouncin' With Bud,Powell Bud,Bb,4/4,37,10,i A B A C,48,2,1,0,0,2,1 2,false,5,0,0,0,0,0,0,1,0,0,4,
201,song-c93d309be1b76dde28abd302390276e2480884b122e0a4ec61db475fbc59382d,Bourbon Street Parade,Barbarin Paul,Ab,4/4,32,8,A B A C,16,1,1,0,0,0,,false,16,0,0,0,0,0,0,0,0,0,4,
202,song-a49ce6c303eac0a35c9313b5d58add9b6c4ff66ee3225d83b8b4de3a4e030593,"Boy Next Door, The",Martin-Blane,C,3/4,32,8,A B,29,2,0,0,0,0,,false,5,0,0,0,0,0,0,0,0,1,4,
203,song-5550ee824cc881f0a65f904d3abf0b278291c97377f8d5f31c235a9d7c5ca254,"Boy, What A Night",Morgan Lee,Bb,6/4,24,6,,7,1,0,0,0,0,,false,17,0,0,0,0,0,0,0,0,0,4,
204,song-857bc4ea55c0116133c157a5d0c15bee7b351b15b78c88a9fb4f2b123002ab75,Brake's Sake,Monk Thelonious,G,4/4,26,7,A B A,36,2,12,0,0,1,,false,3,0,0,0,0,0,0,0,0,0,2,
205,song-b39b560871c82820f0518443b1b41d4e4bec42157ac10bc13af56cfc9a7e8b76,Brazil (Aquarela Do Brasil),Barroso Ary,D,4/4,88,12,v A B C D,51,2,0,1,0,0,,false,39,0,0,0,0,0,0,0,0,0,4,
206,song-fbfd39be32b2f98bbc431e76c678662066359162c9984ee01f9afb9cc0fcd520,Brazilian Like,Petrucciani Michel,Bb-,4/4,32,8,A,29,2,3,0,0,0,,false,5,0,0,0,0,0,0,0,0,0,4,
207,song-79fe47af9b0934b11581e2888c22dca136c2e9383a81372852d9015c096ad52b,Brazilian Suite,Petrucciani Michel,Bb-,4/4,46,11,i A,47,2,3,0,0,2,,false,0,0,0,0,1,0,0,0,0,0,6,
208,song-b1a6ec098fb999cbe013a77dd115426bbfec726106b1f42351cc322d8745e69b,"Breeze And I, The",Lecuona Ernesto,Eb,4/4,27,8,A B C,23,1,2,0,0,1,1 2,false,4,0,6,0,0,0,0,0,0,0,2,
209,song-ded31aec3ec38f71fedc3452038d6d9cdf7cd6539d74883a682f39e46219d4f6,Bright Boy,Bright John,Eb,4/4,32,9,A B A,39,2,0,0,0,1,1 2,false,3,0,0,0,2,1,0,0,0,1,4,
210,song-8a471699fe3e52745ee01f77004867b841a3ece5baf88edfa957216e487d0f6f,Bright Mississippi,Monk Thelonious,Ab,4/4,24,6,,15,2,0,0,0,1,1 2,true,10,0,0,0,0,0,0,0,0,0,4,
211,song-3d0c2c7a1ecf92290b3c3d6c71ad8b5b4ce1b0249fde0d7cc2de96cdf1d866f6,Bright Size Life,Metheny Pat,D,4/4,32,8,A A B A,25,2,12,0,0,0,,false,9,0,0,0,0,0,0,0,0,0,4,
212,song-ba04d454c26bf2534c2350c2590d9e0304768d86b6b560b6324628e58c2b0eba,Brilliant Corners,Monk Thelonious,Bb,4/4,26,7,i A B A,51,3,0,0,12,0,,false,1,0,0,0,0,0,0,1,0,1,3,
213,song-75217bb8afb02321843bc9f84f4aef4b5a8a246355d91e8fe003512fb6b671ab,Broadway,William-Henri-Woode,Bb,4/4,26,7,A B A,22,2,0,0,0,1,1 2,false,7,0,0,0,0,0,0,0,0,0,4,
214,song-0aa86040a74dce9ad7c48851f1918986683de04674e25a7f203c8264f6555fa9,Brother Can You Spare A Dime,Yarburg-Gorney,C-,4/4,36,10,v A B A,59,3,6,0,6,2,1 2 1 2,false,1,0,0,0,0,1,0,0,0,0,4,
215,song-da4a45de02a48b5ebe1dbff0af8654146c313dd8f324818b48bcf2e28981fb93,Brotherhood Of Man,Loesser Frank,Eb,4/4,16,4,A B,17,2,1,0,0,0,,false,4,0,0,0,0,0,1,0,0,0,4,
216,song-8d3d11bc49f3bcf5f211308a9a3f9718c66db03c511d120cd9e2ca166b2b95c2,Bud Powell,Corea Chick,F,4/4,43,11,A B C A,70,3,3,0,12,1,,false,1,0,0,0,2,1,0,1,0,0,3,
217,song-ff7c748aa6a0c05ee6737e3c49accc4d355123c6bb006a81be03a2c2c1ecffb7,Budo,Davis-Powell,Ab,4/4,26,7,A B A,47,2,2,6,0,1,1 2,false,0,0,0,0,0,0,0,0,0,0,4,
218,song-2b006b2604b8f35003bdbb910fca0789190368f1b75e1ad22db3a9cb76cedc92,Bunko,Niehaus Lennie,F,4/4,24,6,A B A,41,3,4,0,4,1,,false,0,0,0,0,0,0,0,0,0,0,4,
219,song-04228d4fc650cd6dbf88c0edc65b5bc8a520f1a3a26f7c326b3265c2295aede5,But Beautiful,Van-Heusen Jimmy,G,4/4,32,8,A B A C,48,3,2,5,2,0,,false,2,0,0,0,0,0,0,0,0,0,4,
220,song-e8ebb8d2226386b0a0935af0e2012af62867a4b629540a1777d9caefeecd403d,But Not For Me,Gershwin George,Eb,4/4,32,8,A B A C,38,2,0,8,0,0,,false,2,0,0,0,0,0,0,0,0,0,4,
221,song-ba07a1b215656f6f568554e99910d7b9670c9660f4e2fdb88abdd055da088b96,Butch And Butch,Nelson Oliver,G,4/4,20,5,i A,30,2,0,0,0,1,,false,3,0,0,0,0,0,0,1,0,0,4,
222,song-704f0763242cea4e028ea5127b0c06cd912eba88b57ba7db2e4998521b40d98c,Butterfly,Hancock Herbie,F-,4/4,35,9,i A B,31,2,5,0,3,5,,false,8,0,8,1,2,1,0,8,0,1,5,
223,song-2516a73bac14d0763d6b82faad0f4eb99f7256aa7d1fcbebf0686d2d460aa888,Butterfly Dreams,Clarke Stanley,C,3/4,31,8,i A B,17,1,0,0,0,1,,false,14,0,0,1,0,0,0,2,0,0,4,
224,song-4cf5dcdcd3f1ec2acf78503efeeb6cd9280ce2d286f1744fc5acb8f1f25c9075,By Myself,Schwartz Arthur,F,4/4,32,8,A B,22,1,0,0,0,1,,false,10,0,0,0,0,0,0,0,0,0,4,
225,song-9d76d20372b9c162e0192075e260e0bff78f7b08407b13b7d1612b2593a1c31b,Bye Bye Baby,Styne Jule,Bb,,32,8,A B A C,48,2,1,0,0,0,,false,0,0,0,0,0,0,0,0,0,0,4,
226,song-8a16de9231fecee27663d42b77cf25b55d1a3c24bf0af90b467dd0dbf56cf03a,Bye Bye Blackbird,Henderson Ray,F,4/4,32,8,A B,36,2,0,5,0,0,,false,2,0,0,0,0,0,0,0,0,0,4,
227,song-5d6c51d9b30bbbf6442e932ed3cf386075a148946d21081e6167dda8af6ffb6d,Bye Bye Blues,Hamm-Bennett-Lown-Gray,C,4/4,32,8,A B A C,19,1,0,0,0,0,,false,13,0,0,0,0,0,0,0,0,0,4,
228,song-278231188dc23c079ca7579374006b9488fd4bdc53a7f45d9620a0281ea71841,Bye-Ya,Monk Thelonious,Ab,4/4,24,6,A B A,30,3,0,0,4,1,,false,2,0,0,0,0,0,0,0,0,0,4,
229,song-017b6dd9250ca078073253c31e81d9e0946a35e5e596f95874b4ec10689b60e0,C-Jam Blues,Ellington Duke,C,4/4,12,3,,5,1,0,0,0,0,,false,7,0,0,0,0,0,0,0,0,0,4,
230,song-8947909d835d06ad0c79d1bc03cf663483e0e9fe1584453fed1c2b67298184fc,C.T.A.,Heath Jimmy,Bb,4/4,26,7,A B A,38,2,0,0,0,1,1 2,false,4,0,0,0,0,0,0,0,0,0,4,
231,song-47144287c98e23fdb954b2b0ccf8f683875d722a51b150cff6f1a7b72122eb33,C'est Si Bon,Betti Henri,Bb,4/4,34,9,A B C,45,3,0,0,2,1,1 2,false,1,0,0,0,0,0,0,0,0,0,4,
232,song-54ceb398aa37e2c5d0ec01f7927d592e0ff3c484dbcf3bd1a5de42fd15ebdcde,Cabaret,Kander-Ebb,Eb,4/4,32,8,A B,32,2,0,0,0,1,1 2 3,false,5,0,0,0,0,0,0,1,0,1,4,
233,song-80cc979b3ec94ea6424f7f67744d2a4a017dd8b13157508185cc14bbf33b2cea,Cabin in the Sky,Duke Vernon,G,4/4,26,7,A B C A,44,2,0,0,0,1,1 2,false,1,0,0,0,0,0,0,0,0,0,4,
234,song-35d216bf8e0bf7652c2b248dfd3ae57490e887fea763eabcaad2d25de0326ec8,Call Me,Hatch Tony,G,4/4,40,10,A B A,38,2,0,0,0,1,,false,8,0,0,0,0,0,0,0,0,0,4,
235,song-59cc2cb22735a24c4fc1abe97fdd1087ac69e9938445a1683c6d70180402a7db,Call Me Irresponsible,Van-Heusen Jimmy,F,4/4,24,6,A B,26,2,1,0,0,1,1 2,true,1,0,0,0,0,0,0,0,0,1,4,
236,song-baa33c37d558574b9a73c566f932e0b9e68f4db3cfaeb6a1960706cddcae9ea5,Can't Help Lovin' Dat Man,Kern Jerome,Eb,4/4,25,7,A B A,43,3,0,0,4,1,1 2,false,0,0,0,0,0,0,0,0,0,0,4,
237,song-74080bdc48ac9430292926c36989b796edf8d8bf7f47bc32084f475169e6b6d7,Can't We Be Friends,Swift-James,Eb,4/4,25,7,A B A,33,3,0,0,4,1,1 2,false,1,0,0,0,0,0,1,0,0,0,4,
238,song-7af6ee4e46ee33a5d05d56d71772a6b07c5cd98dd6cfac8823ad47d261ca4802,Candy,David-Whitney-Kramer,Bb,4/4,26,7,A B A,30,2,0,0,0,1,1 2,false,0,0,0,0,0,0,0,0,0,0,4,
239,song-dd5a078de602f4d051129fedd0c5809e99dfbbc148c8147405f655a6f00ca94b,Cantaloupe Island,Hancock Herbie,F-,4/4,16,4,,4,1,0,0,0,0,,false,12,0,0,0,0,0,0,0,0,0,4,
240,song-93d099509ed09a733b486b1b7e011e2e965f8eaaad16ab9a56111c32afef85ad,Captain Marvel,Corea Chick,C,4/4,55,8,B,51,2,8,0,13,1,1 2,false,12,0,2,0,2,0,0,0,0,1,4,
241,song-f0efa9f7a7c1d7c60876ef7197eb0b91202e236c37c79412f5d9b319f2e22807,Caravan,Ellington Duke,F-,4/4,32,8,A B,10,1,0,0,0,1,,false,22,0,0,0,0,0,0,2,0,1,4,
242,song-edc7eb9da532bb61e03b6223dda084c137b340ba82a801dd1d7137395320608a,Caribbean Fire Dance,Henderson Joe,D-,4/4,32,8,A A B A,21,2,0,0,0,0,,false,18,0,0,0,0,0,0,0,0,0,4,
243,song-9a489e8fb585f749e0f59e1da9181d970656abc22525d7c9e7da41835363e7b2,Catch Me,Pass Joe,D-,4/4,24,6,A B A,16,2,0,0,0,1,,false,11,0,0,0,0,0,0,0,0,0,4,
244,song-deb49f8efee07e10dca4b10a828c7b532b06ba9aedf0686427e9898def8ef810,Celia,Powell Bud,Bb,4/4,38,10,i A B A C,43,2,0,0,0,2,1 2,false,4,0,0,0,0,0,0,1,0,0,4,
245,song-9e733e4c6b24acbc1e753d39bf5c139003daa226a76aa31ddd96f3bb30199019,Central Park West,Coltrane John,B,4/4,10,5,,24,3,2,0,0,0,,false,0,0,0,0,0,0,0,0,0,0,2,
246,song-3b6cc573f79ffca1655967687e8b2125c46d87089a1c0be880ebf7fe103f0dff,Ceora,Morgan Lee,Ab,4/4,32,8,A B A C,41,2,0,0,0,0,,false,0,0,0,0,0,0,0,0,0,0,4,
247,song-f204ad4e105aba3831c46143061c11db719f2e064aa001e14c361ecdd3e6747c,Chameleon,Hancock Herbie,Bb-,4/4,12,3,i A B,12,1,0,0,0,2,,false,0,0,0,0,0,0,0,3,0,0,4,
248,song-12885adb981cf3492186a0524594fd926bd1b4396ebbafcf927cd81242968e37,Chan's Song (Never Said),Herbie Hancock - Stevie Wonder,Eb,4/4,25,7,A B,30,3,2,0,3,0,,false,0,0,0,0,2,1,1,0,0,1,1,
249,song-575faf63b5eb8d96ef0e7b0b3ccb478e93abf8ce44ff42a604339674fcf2f9e9,Change Of Heart,Metheny Pat,E,3/4,36,9,A B,27,2,5,0,0,2,,false,12,0,0,0,2,0,0,1,0,1,4,
250,song-b229dd80ec4c67013b9193209fdabaf3bb55157933a35a79d6ecb44a1277c415,Change Partners,Berlin Irving,F,4/4,42,11,A B A,41,2,1,0,0,1,1 2,false,7,0,0,0,0,0,0,0,0,0,4,
251,song-4d3756524455c4f1040a10467101bbc19118dd64249caf3d46fd673117fd1abc,Chant,Pearson Duke,C-,4/4,32,8,A A B A,54,2,5,0,0,0,,false,0,0,0,0,0,0,0,0,0,0,4,
252,song-7909cfe528bf179b31540be1faf5732ff0c595d7d2fad1f0dcac364dde0946c9,Charleston,Johnson James,Bb,4/4,32,8,A B A C,36,2,0,0,0,0,,false,3,0,0,0,0,0,0,0,0,0,4,
253,song-f846aa27bfb058c0ddd5263b2e427089e12da558108af94b5059db1bbf058787,"Chase, The",Gordon Dexter,Bb,4/4,24,6,A B A,26,2,0,0,0,1,,false,7,0,0,0,0,0,0,0,0,0,4,
254,song-eb1f14f529f80ced5c21da7b7dcc8d303ce98bd1049e802672e751b746e9d873,Chasin' The Trane,Coltrane John,F,4/4,12,3,,10,2,0,0,0,0,,false,3,0,0,0,0,0,0,0,0,0,4,
255,song-068193685ceb27826bf1353987a0dac742ef0ce72eff9ab46c7d68ea946cebdb,Cheek To Cheek,Berlin Irving,C,4/4,34,9,A B C,52,2,0,0,0,2,1 2,false,2,0,0,0,0,0,0,2,0,0,4,
256,song-06f7984c47aad7e7e69e036e6671f7d645cdcbfbba223ff0537ea5c43ab9ec5c,Cheers,McGhee Howard,Bb,4/4,26,7,A B A,30,2,0,0,0,1,1 2,false,3,0,0,0,0,0,0,0,0,0,4,
257,song-3e507cc106231bc81db56c0c108b6646e82ca9fa9d572aac5999bc2cb20200a5,Cheese Cake,Gordon Dexter,C-,4/4,26,7,A B,28,2,0,1,0,1,1 2,false,3,0,0,0,0,0,0,2,0,0,4,
258,song-c5738b15cdbd244906c8b262eff3de404aa5ac13bfe813c2320f537ab0b45424,Cheetah,Burrell Kenny,Bb,4/4,26,8,A B A,41,3,2,0,4,1,1 2,false,1,0,0,0,2,0,0,0,0,1,1,
259,song-6e7ad759bce64e16ff43947563ce319aefa104176613383832c2e580c78a8abf,Chega De Saudade (No More Blues),Jobim Antonio-Carlos,D-,4/4,76,10,i A B C D,74,2,11,0,14,0,,false,9,0,0,0,0,0,0,0,0,0,4,
260,song-7efbc0b9597090c446ad5b5c657ac464e9a02a37c94a121f5a8da25f7a214e8d,Chelsea Bridge,Strayhorn Billy,Db,4/4,24,6,A B A,39,3,2,2,9,1,,false,0,0,0,0,0,0,1,0,0,0,4,
261,song-b8653190374944efd2345c283909f54c602c7643982355533d7d814a80f3bf2f,Cherokee,Noble Ray,Bb,4/4,36,9,A B,27,1,0,0,0,1,1 2,false,9,0,0,0,0,0,0,2,0,1,4,
262,song-ff6b698d791e47503c703e129d81dd1bcf5a022bb3245b1c9504aae38e6202ef,Cheryl,Parker Charlie,C,4/4,12,3,,18,3,1,0,4,0,,false,1,0,0,0,0,0,0,1,0,0,4,
263,song-c0e94292314bced85dc653a4b1e0548ae4b7bd39bcaf0d72886bda46b6ab34b0,Chicago,Fisher Fred,C,4/4,32,8,A B A C,52,2,1,0,0,0,,false,0,0,2,0,0,0,0,0,0,0,4,
264,song-051869a0ef14452e44b5e30ea0b6657aeee579559a3b402869a1419a354631ee,"Chicken, The",Ellis Pee-Wee,Bb,4/4,20,5,i A,10,2,0,0,0,1,,false,12,0,0,0,0,0,0,3,0,1,4,
265,song-05da55d948288c9d39f086c98ac99d66948ddf6d851d4bfe16914212e3466dab,Children Of The Night,Shorter Wayne,C-,4/4,28,7,,28,2,0,0,0,0,,false,7,0,0,0,0,0,0,0,0,0,4,
266,song-cbe80381503c9bdc9e04c9ce0d1ea04d667aa68a8541b2b882bb7a9cc33f1521,Chucho,D'Rivera Paquito,D-,4/4,16,4,i A,24,2,1,0,1,1,,false,0,0,0,0,0,0,0,0,0,1,4,
267,song-11655ef32f9a9d83dc13f0edaa42d27dc92486aba9e103806d41d4c8c0d57854,Close Enough For Love,Mandel-Williams,Ab,4/4,34,9,A B A,64,2,0,0,0,1,1 2,false,1,0,0,0,0,0,0,0,0,0,4,
268,song-db30186ddf03ff30f7004ae71f4e669af1478b72cb4006a2691d9afe33814096,Close Your Eyes,Petkere Bernice,Eb-,4/4,26,7,A B A,26,2,0,0,0,1,1 2,false,4,0,0,0,0,0,0,0,0,0,4,
269,song-ecfc592e77b62b025cfd53785980a9041acb68b4863bcf3dcb7165d0970521b1,Cold Duck Time,Harris Eddie,F,4/4,12,3,,9,2,0,0,1,1,,false,0,2,0,0,0,0,1,1,0,0,4,
270,song-782a3dfc71d58ed13bbd4b781aa117a90f8c5d0c18f6b9cb618ac6436264482a,Come Back To Me,"Alan Lerner, Burton Lane",F,4/4,26,7,A B A,27,2,0,0,0,1,1 2,false,0,1,0,0,0,0,0,0,0,0,4,
271,song-34ba2e407b10fe14c5bae7eb8ba4dcd5b21598915f22a768fef1b7779c7823a2,Come Fly With Me,Van-Heusen Jimmy,C,4/4,38,10,A B,54,2,0,0,0,1,1 2 3,true,0,0,2,0,0,0,0,1,0,1,4,
272,song-955d2b7a171e62dd4f346417637dd93a3f565034c34f418c39d9b3f12d80c56b,Come Rain Or Come Shine,Arlen Harold,F,4/4,32,8,A B,40,2,0,3,0,0,,false,4,0,0,0,0,0,0,0,0,0,4,
273,song-3679c36f36cea7ddc9ec5f40a4f3fe344551cc049a0d3bab1678d5420aea0ea8,Come Sunday,Ellington Duke,Bb,4/4,24,6,A B A,34,3,2,0,4,1,,false,0,0,0,0,0,0,0,0,0,0,4,
274,song-c91d2c3d9853484b63b9aec0315f3352010cb15d78d0995d86e943d20400efe6,Comes Love,Brown-Stept-Tobias,G-,4/4,25,7,A B A,23,2,0,0,0,1,1 2,false,6,0,0,0,0,0,0,0,0,0,4,
275,song-869b6777514a2ffd01cbcdc22d0f2eebd00e8d1443a2386f2dc85ff389344f92,Comrade Conrad,Evans Bill,G-,4/4,32,8,A B,31,2,4,0,0,0,,false,2,0,0,0,0,0,0,0,1,0,4,
276,song-afc818b4876a0758e58a808af2e6cab17dc4c118e062a2035d8e9f0e7066dc33,Con Alma,Gillespie Dizzy,C,4/4,24,6,A B A,35,3,4,0,4,1,,false,1,0,0,0,0,0,0,0,0,0,4,
277,song-b657961610db4a917922215bb9ce978a4bf419601de272ad29a21f63b4fc10ea,Conception,Shearing George,Db,4/4,32,8,A B A,54,2,0,0,0,1,,false,0,0,0,0,0,0,0,0,0,0,4,
278,song-742893a80a4cf9a01f6b1a4d53d9d5dd689d059c14b3d80db603721743354167,Conference Of The Birds,Holland Dave,F,5/4,11,4,i A,21,3,3,0,1,2,,false,0,0,26,0,0,0,0,0,1,0,3,
279,song-c19fb310b60304d8cb3fa06d12720d172c6e26c4a4bea5899001faaefa177ab9,Confirmation,Parker Charlie,F,4/4,26,7,A B A,37,2,0,0,0,1,1 2,false,1,0,0,0,0,0,0,0,0,0,4,
280,song-548fe69d4613ae9872b0878811d8ab73362c0cd49df5f3169cb5eb3a52b60f13,Contemplation,Tyner McCoy,C-,3/4,16,4,,4,1,0,0,0,0,,false,12,0,0,0,0,0,0,0,0,0,4,
281,song-c4a67f41e51133d2d34a745e8391db33d6e0a52401a9bd804953f228ade00c68,Continuum,Pastorius Jaco,E,4/4,17,5,A,14,2,2,0,0,1,1 2,true,5,0,0,0,0,0,0,2,0,0,2,
282,song-996037290ac743fced7b2fa07c47ac6d7e8760c93471066e9572ba1487f2dcce,"Cool One, The",Golson Benny,G,4/4,24,6,A B A,24,2,0,0,0,1,,false,1,0,0,0,0,0,0,0,0,0,4,
283,song-8609926c186abf04ad3d495867a46c0cb5294471e2519d7b5edb23a7d5e71c26,Copenhagen,Davis-Melrose,Bb,4/4,33,9,A B A,36,2,4,0,0,1,1 2,false,0,0,8,0,0,0,1,0,0,0,4,
284,song-717c632679451f0adad1299557fca00028feb150f3b7809dd49d3ff89a5a4ef6,Coral,Jarrett Keith,C-,4/4,8,3,,17,3,3,0,2,0,,false,0,0,0,0,0,0,0,0,0,0,1,
285,song-97a1d13b0efe9428cda8bec805d19ffaf972d7406692f4556f18faa9133faf19,Corcovado,Jobim Antonio-Carlos,C,4/4,35,9,A B A C,32,2,2,0,0,0,,false,5,0,0,0,2,0,1,0,0,0,3,
286,song-48fa437a826f4bac1274dbaa63a4f5cb23a47c5fd9537b0dd98c38c8fcb28196,"Core, The",Hubbard Freddie,Eb-,4/4,16,4,,6,1,0,0,0,0,,false,10,0,0,0,0,0,0,0,0,0,4,
287,song-220ead703e2e84943aa0473872530124c499bd862f2e8b7cd44b5f3ff0c48e5d,Cottage For Sale,Robison Willard,Eb,4/4,25,7,A B C,31,2,0,0,0,1,1 2,false,3,0,0,0,0,0,0,0,0,2,4,
288,song-9ecbef654aa6341272541c398d06a21bfdaabd4880d9b5312db7200b1b6f7930,Cotton Tail,Ellington Duke,Bb,4/4,25,7,A B A,38,2,4,0,0,1,1 2,false,4,0,0,0,0,0,0,0,0,0,4,
289,song-fc487afca499a815df016d1fca425e9d51873541cc8922447dacb44ea92e441b,Could It Be You,Porter Cole,Bb,4/4,24,6,A,36,4,0,0,4,1,1 2,true,0,0,0,0,0,0,0,0,0,0,4,
290,song-820a261ff10ff662496ebf7a99c294ec0ee318b1daa4c894ce92a61d7ce6dc6d,Countdown,Coltrane John,Bb,4/4,24,6,,40,2,0,1,0,0,,false,0,0,0,0,2,1,0,1,0,0,4,
291,song-1c370e57504cbf4b2eb985f60ecfa7bfc2a8de8541dd3ec0f309388fd34d7378,Country,Jarrett Keith,Eb,4/4,32,8,A B,41,3,7,2,5,2,,false,0,0,0,0,0,0,0,0,0,0,4,
292,song-24c12cc037b348fec9ffa71dff1bb7ef8ac9ece44226b80ee7ea676537e6d236,Cousin Mary,Coltrane John,Ab,4/4,12,3,,6,1,0,0,0,0,,false,6,0,0,0,0,0,0,0,0,0,4,
293,song-854860d16d1df1a6f5f7e91b63fbe6c57ed67a654eeac869910aff12d496ea4d,Crazy He Calls Me,Sigman Carl,F,4/4,26,7,A B A,53,3,0,0,2,1,1 2,false,0,0,0,0,0,0,0,0,0,0,4,
294,song-d00d706925007e7f53b68f8cc87bf747c79b754b127f7a27a8018d777ee2acd6,Crazy Rhythm,Wolfe-Kahn-Meyer,F,4/4,26,7,A B A,26,2,0,0,0,1,1 2,false,6,0,0,0,0,0,0,0,0,0,4,
295,song-ef4090e50685c9cc4ba4bfd99d9f5b63de4acc5f939d0e2936fa85a242146a17,Creole Love Call,Ellington Duke,Bb,4/4,23,6,A B,21,2,0,0,0,2,,false,5,0,0,0,0,0,0,1,0,1,4,
296,song-c6d55b5d05d39c31f7b6e14d828585b26013275ebca3728edab9e84e8c447176,Crepuscule With Nellie,Monk Thelonious,Ab,4/4,27,7,A B A,58,4,4,0,29,1,,false,0,0,0,0,2,3,0,0,0,1,3,
297,song-ce75f9e8bf8e739ac0b7a3128d4a1718c290d9a812d8b86d4d59e4382a404fad,Crisis,Hubbard Freddie,B,4/4,31,9,i A B,28,2,2,0,0,3,1 2,false,8,0,0,1,1,0,0,4,0,2,2,
298,song-79016927068d50eb5b4f2a8c086989ec27de180c927f9bad867bfc91ed1e3f69,Criss Cross,Monk Thelonious,G-,4/4,22,6,A B A,18,1,0,0,0,1,,false,4,0,0,0,0,0,0,0,0,0,4,
299,song-1d6d6f3136e5a4d6e87f1e6b1fb8b9fef61aad7eb4748afebc16782c696bed89,Crosscurrent,Tristano Lennie,F,4/4,32,8,A B C A,50,2,0,8,0,0,,false,2,0,0,0,0,0,0,0,0,0,4,
300,song-a009521408e9697a6884d2c71a133bc0f96c2288a11c8e0c458e5cfd7e11d48d,Cry Me A River,Hamilton Arthur,Eb,4/4,25,7,A B A,47,3,0,0,2,1,1 2,false,0,0,0,0,0,0,1,0,0,0,4,
301,song-2f01029716980250cdaf22b64d3818e15fc705f000554b045d81cedc7af53981,Crystal Silence,Corea Chick,A-,4/4,34,8,A B A,40,4,0,0,8,1,1 2,true,1,0,0,0,0,0,0,0,0,0,5,
302,song-96c3c7ac4e5db4dfa7be0a5d8a7244fcaec0f6ab92108cbe6d67ed07c46338a2,Cute,Hefti Neal,F,4/4,40,10,i A,62,4,1,0,25,2,1 2 1 2,false,4,0,0,0,0,0,1,1,0,1,4,
303,song-d4f46e70115ab9d77b6563ddc9181a32e905cd0977302aff39c76cdf9854640e,Cyclic Episode,Rivers Sam,C,4/4,16,4,,16,1,1,0,0,0,,false,0,0,0,0,0,0,0,0,0,0,4,
304,song-4528a07fc6a18a268f807727df9be232a4f58ac10c624dafeac5be4ab637b81e,Cynthia's In Love,Owens-White-Gish,Eb,4/4,26,7,A B A,37,2,0,0,0,1,1 2,false,1,0,0,0,0,0,0,0,0,0,4,
305,song-5978bdd167fe6761e9cbbf146c98bce0480175b92cbcec6d96cfc1a42027a06a,Daahoud,Brown Clifford,Eb,4/4,28,7,A B A,36,2,0,10,0,1,,false,3,0,0,0,2,0,0,1,0,1,4,
306,song-a2e6b598d64b6c008cea12a3c7f56b7493c68981e122ffadbc9a93240ad51d4b,Dance Cadaverous,Shorter Wayne,C,3/4,72,9,i A B,42,1,6,0,0,0,,false,30,0,0,0,0,0,0,0,0,0,8,
307,song-b508bb01de008238a362d711bcbc1426bf03747739a58c51827dbc4a8370b16f,Dance Of The Infidels,Powell Bud,F,4/4,26,7,i A,34,2,1,4,0,1,,false,4,0,0,0,0,0,0,1,0,1,4,
308,song-50d07e2e4c76b2cae9fd0e370d4612b394433964829f93caa418e7747e55d97a,Dancing In The Dark,Schwartz Arthur,C,4/4,32,8,A B,29,2,0,0,0,0,,false,7,0,0,0,0,0,0,0,0,0,4,
309,song-2f28a6e34a8860c52b0f11f7ca3291ecadb5d7f5c996722e9578ce50e66f2f8e,Dancing On The Ceiling,Rodgers Richard,F,4/4,26,7,A B A,41,2,2,0,0,1,1 2,false,0,0,0,0,0,0,0,0,0,0,4,
310,song-562390605f3b90e4e93fc0a71a371442436b09cd39a3a61223bf5d6bc6f4edff,Danny Boy,Traditional,C,4/4,32,8,A B C,45,2,5,0,0,0,,false,1,0,0,0,0,0,0,0,0,0,4,
311,song-5ca7520499f14b938ed93bb151155f729d2c42c1f8ce81d845c2107f2fc011be,Darn That Dream,Van-Heusen Jimmy,G,4/4,25,7,A B A,62,4,4,3,26,1,1 2,false,0,0,0,0,0,0,0,0,0,0,4,
312,song-bbd773cc5d3dd6ea2eb3a7c4680a3df90a6bc30802c631f57773be0b92e5a1d5,Dat Dere,Timmons Bobby,C-,4/4,26,7,A B A,57,4,6,8,12,1,1 2,false,0,0,0,0,0,0,0,0,0,0,4,
313,song-a9daacb7bfae53e222693e3454bf440203bc8233f2ef5089aabe828a5416c385,Day By Day,Cahn-Stordahl-Weston,G,4/4,32,8,A B A B,32,2,0,2,0,0,,false,4,0,0,0,0,0,1,0,0,0,4,
314,song-7d9cdcf2c388febc1afe6ec92d549d8b9ef6cad889bd59654282e2c4ca47c4b8,Day Dream,Strayhorn-Ellington,F,4/4,26,7,A B A,47,3,6,0,7,1,1 2,false,1,0,0,0,0,0,0,0,0,0,4,
315,song-f11e30d0a1e1882963b7e5f551d9a5feb408bdbe1c2f99f5e1695921d91162cc,Day Dreaming,Kern Jerome,Bb,4/4,24,6,A B C,44,2,5,0,1,1,1 2,true,0,0,0,0,0,0,0,0,0,0,4,
316,song-706a911e1bbdce63429f25ea3bbf66a865865a91f8a82f736eebb074bf9c82a9,"Day In, Day Out",Bloom Rube,C,4/4,44,12,A B,52,2,3,0,0,1,1 2 3,true,1,0,0,0,0,0,0,1,0,0,4,
317,song-4a6417f12c96c65432f383d9de8461542717fd4f4639527b6f3b0ca2f61208a0,Day Waves,Corea Chick,D-,4/4,25,7,A B,27,2,7,0,0,0,,false,2,0,0,0,0,0,1,1,0,0,4,
318,song-e014ce0ec654ad93921a746b98f59efa53ec9fbc22c611f2e7c63d018a7c0923,Daybreak,Adamson-Grofe,Eb,4/4,32,8,A B A C,39,2,1,0,0,0,,false,0,0,0,0,0,0,0,0,0,0,4,
319,song-deb8cc229f067ed4af2cd172aeebd04d8a6672e47cdf94496f0c02299533d763,Days And Nights Waiting,Jarrett Keith,D,4/4,24,6,A B A,28,2,0,0,0,1,,false,0,0,0,0,0,0,0,0,0,0,4,
320,song-821894ae8383bd1ec33c87acb5a2b3c58bcb8021ad1d4eee252e178ef9d17456,Days Of Wine And Roses,Mancini Henry,F,4/4,32,8,A B A C,34,2,2,2,0,0,,false,4,0,0,0,0,0,0,0,0,0,4,
321,song-30ea08ebc8739843f57782dc2497b53d4046ea1f2e13c6c6d694925107b453ea,Dear John,Hubbard Freddie,B,4/4,32,8,i A,48,2,0,0,0,4,,false,0,0,0,0,2,0,1,0,0,1,4,
322,song-5dee3539fe3ebfd8c485b2bfb85929837978e949c73fd6d833caccc9fe8e42cd,Dear Lord,Coltrane John,D,4/4,64,8,A B,32,1,0,0,0,0,,false,32,0,0,0,0,0,0,0,0,0,8,
323,song-e776ffb27ef1fdd2165827cbd20a3f50574dcee1dc341e861c40a6bfb2ad69d8,Dear Old Stockholm,Traditional,D-,4/4,31,8,A B C,35,2,0,0,0,1,,false,5,0,0,0,0,0,0,1,0,0,3,
324,song-73383ec4bfb48c7136c272c19f7bd747f3732847f4b6c031360e80b73c7303e6,Dearly Beloved,Kern Jerome,C,4/4,32,8,A B A C,34,2,0,0,0,0,,false,1,0,0,0,0,0,1,0,0,0,4,
325,song-9fdccf01fc163ecb97be6576f8c474bd858ebdb41e1f9a6d5d1c77e6bf76c2b0,Decision,Rollins Sonny,F-,4/4,13,4,,18,2,0,0,0,0,,false,1,0,0,0,0,0,0,0,0,0,1,
326,song-095e829cd78a9d4eeba868f2d1607e5e9a5467c88c0a1272da937f7cd66fd97f,Dedicated To You,Cahn-Chaplin-Zaret,Bb,4/4,26,7,A B A,52,4,0,12,18,1,1 2,false,0,0,0,0,0,0,0,0,0,0,4,
327,song-13aff35b98eb1427b097cc830b3d9fe4a97d42c35fa81f21a62860909df83fc0,Deed I Do,Hirsch-Rose,C,4/4,26,7,A B A,35,2,0,0,0,1,1 2,false,2,0,0,0,0,0,0,0,0,0,4,
328,song-67f5a65be1b29ce7558b87fdf94da4379034a99c0632361c469f79cab6fd306d,Deep Purple,De-Rose Peter,F,4/4,32,8,A B,40,2,2,0,0,0,,false,0,0,0,0,0,0,0,0,0,0,4,
329,song-c1aeeae0a2e15ad878a41d5700e8863b088bdef29d27a610bb111727d7e594ce,Del Sasser,Jones Sam,Eb,4/4,32,8,A B,30,2,2,0,0,1,,false,6,0,0,0,0,0,0,2,0,0,4,
330,song-088a851113edc17da363a165b2f6e8588764fb278d6feb4ccdc4ca5516bf34fb,Deluge,Shorter Wayne,Eb-,4/4,16,4,A B,16,2,0,0,0,0,,false,0,2,0,0,0,0,0,0,0,0,4,
331,song-002dd863fbe6187c7748dbf27ae5049e28129414efd03894549dd26f9489b2ef,Desafinado,Jobim Antonio-Carlos,F,4/4,68,9,A A B A,59,2,0,0,2,0,,false,10,0,0,0,0,0,0,0,0,0,4,
332,song-ec35990144a64c6e62d6bdca119ce8d1b35e4915224071040455315e03796392,Desafinado (Original),Jobim Antonio-Carlos,E,4/4,68,9,A A B A,59,2,2,0,2,0,,false,10,0,0,0,0,0,0,1,0,0,4,
333,song-58adb03307f8354fdf4a74b685bf5bf712e4261d878069f17bd1b3d62dcb7d3b,Desert Air,Corea Chick,F-,3/4,59,9,A,39,1,9,0,0,1,1 2,true,14,3,0,0,1,1,1,0,0,1,1,
334,song-77214854ef9a5bc5a180551622b4f78a98bf55f26eefda55fce9b226e66fee6a,Detour Ahead,Frigo - Carter - Ellis,C,4/4,27,8,A B A,49,3,0,0,8,1,1 2,false,0,0,0,0,0,0,0,0,0,0,2,
335,song-5b2c5cc0759806182c41051e91c5ff071fdd28602c9e37a859728d8a44fb1f8f,Devil May Care,Dorough-Kirk,G-,4/4,44,11,A B C,56,2,2,3,0,0,,false,4,0,2,0,0,0,0,0,0,0,4,
336,song-0314907df2788e9478f57d28e5e3a0bbd1d4d63f4eb49cc7dcec04d11cca9fc9,Dewey Square,Parker Charlie,Eb,4/4,26,7,A B A,35,2,0,0,0,1,1 2,false,1,0,0,0,0,0,0,0,0,0,4,
337,song-504d9235fda17bef012de29803d6d23fab382f1aa4c901b02708f02f2ec92fcc,Dexterity,Parker Charlie,Bb,4/4,26,7,A B A,38,2,0,0,0,1,1 2,false,4,0,0,0,0,0,0,0,0,0,4,
338,song-6e55edd058e728b633c4e5e907a0ddb9de95065d3fc6f18f731ac3314f4711f0,Diane,Rapee-pollack,Eb,4/4,32,8,A B A B,42,2,2,0,0,0,,false,1,0,0,0,0,0,0,0,0,0,4,
339,song-ca4edb2361ff376356c5fca69bfec1d42936d5beff096539947118eaa84ae05b,Dienda,Kirkland Kenny,C,3/4,44,11,i A B,53,2,27,0,0,1,,false,2,0,0,0,2,1,0,0,0,1,5,
340,song-0505de9309c7a4b18ef2640a923e9ecb4f4166c1c1cc50b127df3988dd147333,Dig,Davis Miles,Ab,4/4,24,6,A,22,2,0,0,0,1,1 2,true,9,0,0,0,0,0,0,0,0,0,4,
341,song-1d38366de9c056fac682e90f43589f6ac6b5b4d50c3f3a96b619bbf9f6d8209f,Dinah,Akst Harry,G,4/4,26,7,A B A,38,2,5,0,0,1,1 2,false,0,0,0,0,0,0,0,0,0,0,4,
342,song-527f8382ccba6f35a2854b3e9585cc5554af920534d3786cf155e0c33c6f3534,Dindi,Jobim Antonio-Carlos,Eb,4/4,34,9,v A B A,41,2,0,0,0,2,1 2,false,0,0,0,0,0,0,0,0,0,1,4,
343,song-99329788bcbc68fdc835e5273418c30b42861766d35ffa49fc7febb457dc3d19,Diverse,Parker Charlie,Bb-,4/4,26,7,A B A,33,2,0,0,0,1,1,false,2,0,0,0,0,0,0,0,0,0,4,
344,song-0d805219403f657d1e46ebab0d28a538d60fff9b002a2ecf79647de0fbf24fc7,Django,Lewis John,F-,4/4,44,10,v A B C,52,2,6,0,0,2,1 2,false,3,0,0,0,0,0,0,0,0,1,8,
345,song-a830b591bdcca840c6c40d049b9a4cec5ad90b72e53ec976591c5b55dd850b96,Do It Again,Sylva Gershwin-De,F,4/4,24,6,A B C,27,3,1,0,1,1,1 2,true,7,0,0,0,0,0,0,0,0,0,4,
346,song-5030deeb1c937ef999e0b9c9805ff57fef9018f6d240e6b86de38a49d5761242,Do Nothin' Til You Hear From Me,Ellington Duke,Bb,4/4,26,7,A B A,36,2,0,0,0,1,1 2,false,2,0,0,0,0,0,0,0,0,0,4,
347,song-e299e41ff5aee1802c05b5788550d633ffbc9263998d984673f3113df9503749,Do You Know What It Means?,Alter Louis,C,4/4,26,7,A B A,46,2,2,0,0,1,1 2,false,0,0,0,0,0,0,0,0,0,0,4,
348,song-bd67bf83bcb4103adc0d5dd50dbd938b6bc89b0411e7b74ebe70b14b81c0e798,Dolores,Shorter Wayne,Db,4/4,22,6,A B A,26,2,0,0,0,2,,false,2,0,4,0,0,0,0,0,0,0,4,
349,song-7f4a6f1106a3523e626a49c2efe76e751dd2f00a9acd9690fd14560d0bab3f1e,Dolphin Dance,Hancock Herbie,Eb,4/4,38,9,i A B C D,42,2,10,0,0,0,,false,1,0,2,0,0,0,0,0,0,0,4,
350,song-688f75120b2d3f7b9cbe843c3a812ee53472e9ba534126b7aee208794eec4c43,"Dolphin, The",Eca Luiz,E,4/4,46,11,i A B C A,48,2,4,0,0,1,,false,1,0,0,0,0,0,0,1,0,0,6,
351,song-531acb4837ce2eef1f1594740d1b9ebcac9099ead3ab2d0d810c40e446363017,Domingo,Golson Benny,C-,4/4,28,7,A B,28,2,2,0,0,1,1 2,false,4,0,0,0,0,0,0,2,0,0,4,
352,song-bf02f7abac0c4c77ae64b301d353cc3354e560001307db3b5cbeec71fab96a70,Don't Be That Way,Sampson Edgar,Db,4/4,26,7,A B A,40,2,0,0,0,1,1 2,false,3,0,0,0,0,0,0,0,0,0,4,
353,song-78bbb83502bc899f451c636cea52a47aebec0da758505c06eb1b584ce51baad8,Don't Blame Me,McHugh Jimmy,C,4/4,25,7,A B A,39,2,0,0,0,1,1 2,false,2,0,0,0,0,0,0,0,0,0,4,
354,song-63c4fd60634b8a292ca00ff945d16cbea2df4409083eb6fab861a104db075682,Don't Explain,Holiday Billie,D-,4/4,24,6,A B A,42,3,0,0,4,1,,false,0,0,0,0,0,0,0,0,0,0,4,
355,song-178d3a4a2ab1e0ab52db3d13e494be7e6d20e7484cde22d6d72874d4cfc3110f,Don't Fence Me In,Porter Cole,F,4/4,32,8,A B C D,47,3,0,0,2,0,,false,4,0,0,0,0,0,0,0,0,0,4,
356,song-f0e250057e1ce7bbf024e39dcca3570a41b47e340be472b0d6e03f5cdeb4c11d,Don't Get Around Much Anymore,Ellington Duke,C,4/4,26,7,A B A,26,2,0,0,0,1,1 2,false,4,0,0,0,0,0,0,0,0,0,4,
357,song-245fffd7910381bf94db4e4a3163a0311f6adf597fc3549ba8cdb88eeee1d341,Don't Go To Strangers,Kent-Mason-Evans,Bb,4/4,26,7,A B A,33,2,0,0,0,1,1 2,false,2,0,0,0,0,0,0,0,0,2,4,
358,song-bbdf63b73ac94c635bc34f3a1b1bd30016769c3a95e3498ee6c1f77e23150e50,Don't Know Why,Harris Jesse,Bb,4/4,40,10,i A A B A,74,3,4,0,2,3,,false,1,0,0,0,0,0,0,0,0,1,4,
359,song-92019bff9125f921ec3267953b59356a47c5b6093dbb3dff7e7a9b7ad5be4993,Don't Misunderstand,Parks Gordon,F,4/4,26,7,A B A,38,3,0,0,2,1,1 2,false,1,0,0,0,0,0,0,0,0,0,4,
360,song-567532494438164aa90a6efab65cb122476d0ae4e8993bee0fb32677c3c078b2,Don't Take Your Love From Me,Nemo Henry,C,4/4,32,8,A B A C,49,3,4,0,2,0,,false,1,0,0,0,0,0,0,0,0,0,4,
361,song-b948b77a921199d05d4c5cc7e1768782c00e5897e6b2581da42ae6c4d7243510,Don't Worry 'Bout Me,Bloom Rube,Ab,4/4,32,8,A B,34,3,0,0,2,0,,false,3,0,0,0,0,0,1,0,0,0,4,
362,song-c3c98e5b4d56a130fe988ccb78c880e3d1972623e3833c2a69d7d821b813bbff,Donna Lee,Parker Charlie,Ab,4/4,32,8,A B,33,2,0,0,0,0,,false,3,0,0,0,0,0,0,0,0,0,4,
363,song-8859c40bf69797d54d8a42bf02d6386f727ab7b4c9705e6f4e1c14ff0c838f0a,Down By The Riverside,Traditional,F,4/4,32,8,A B,15,1,0,0,0,0,,false,17,0,0,0,0,0,0,0,0,0,4,
364,song-3412168d9a3c6b18301cd29e755df756bbb2a1ce50b20f1bdb562463909c1444,Down For Double,Green Freddie,Bb,4/4,26,7,A B A,37,2,0,3,0,1,1 2,false,5,0,0,0,0,0,0,0,0,0,4,
365,song-c01a50e031b6eb8c0b8a02307ca5bb557093b81e72380929aa1510548377663b,Down In The Depths,Porter Cole,G,,40,11,A B A,42,2,0,0,0,1,1 2,false,5,0,0,0,0,0,0,0,0,0,2,
366,song-3eb45bf6e66ae43a7a6ea2321d08034c706bb82bb42d490c8d10647bbc01117a,Doxy,Rollins Sonny,Bb,4/4,16,4,,21,2,0,3,0,0,,false,1,0,0,0,0,0,0,0,0,0,4,
367,song-83b3e0417dfc018be80cca7a5e081e600f77cf06b7da3e1db56aeb8aec5af489,Dream,Mercer Johnny,Bb,4/4,32,8,A B A C,29,2,0,0,0,0,,false,6,0,0,0,0,0,0,0,0,0,4,
368,song-147e51c9cef12775984f8b51d8a4a0d730a150bc5e859e7dac2ef70032003cc7,Dream A Little Dream Of Me,Schwendt-Andre-Kahn,G,4/4,26,7,A B A,47,3,0,0,6,1,1 2,false,0,0,0,0,0,0,0,0,0,0,4,
369,song-4f7a406e5c2bcfa4f1e7720cc7df79102247a38c8caf6a54f8dfe369ec021218,Dream Dancing,Porter Cole,C,4/4,36,9,A B C,43,2,0,0,0,1,,false,4,0,0,0,0,0,0,0,0,0,4,
370,song-4e5e6d8b3cee92e6c61835e6bf0a5baf07f9239a88fe62c48b9f1871d6fc5667,Dreamsville,Mancini Henry,C,4/4,26,7,A B A,44,2,4,0,2,1,1 2,false,0,0,0,0,0,0,0,0,0,0,4,
371,song-e8ee6ca619551e5ed1877b7b789f59ee15886a7f9fe317dd8030d4b4036924ba,Driftin',Hancock Herbie,Eb,4/4,29,8,A B A,44,2,0,3,0,2,1 2,false,2,0,0,0,2,0,0,1,0,1,3,
372,song-59f167d050238c96ceea3ce67ee4055931689f0f741058fd2b7073f79d2d0089,Duke Ellington's Sound Of Love,Mingus Charles,Db,4/4,32,9,A B C,49,4,2,0,4,0,,false,0,0,0,0,0,1,1,1,0,0,3,
373,song-59e60a0b67340e19383b42b44121526aa589a42c0d5983d1eeff17df1b4e6c8b,"Duke, The",Brubeck Dave,C,4/4,24,6,A B A,61,4,3,0,26,1,,false,0,0,0,0,0,0,0,0,0,0,4,
374,song-5f7f6ff0ebc7765db29e7371435461ceb21631bfb995080ccf1831ce4fae6b3b,E.S.P.,Shorter Wayne,F,4/4,20,5,,18,2,0,0,0,1,1 2,false,4,0,0,0,0,0,0,0,0,0,4,
375,song-a8301b78881820e3a95ba246edfba624f2372dd9d825de12bbbdfa1bd7cf42ea,Early Autumn,Burns-Herman,C,4/4,26,7,A B A,40,4,1,0,8,1,1 2,false,1,0,0,0,0,0,0,0,0,0,4,
376,song-3b504f8a1748899b407d152d079b6c27051205a3b135bbbed454f00345b0fb3f,East Of The Sun,Bowman Brooks,G,4/4,36,9,A B A C,35,2,1,2,0,0,,false,5,0,0,0,0,0,0,0,0,0,4,
377,song-49f5e3170cd0a100f23056ebff1572a05a009d05524242a93e8205d85f74c395,East St. Louis Toodle-oo,Ellington-Milley,C-,4/4,32,8,A A B A,58,3,25,0,2,0,,false,0,0,0,0,0,0,0,0,0,0,4,
378,song-ff706fdea71bdd8c00eecbb0a1d7607a4528b7e2cda2eb8215aa7c5627196a5c,Easter Parade,Berlin Irving,Bb,4/4,26,7,A B A,39,3,0,0,2,1,1 2,false,2,0,0,0,0,0,0,0,0,0,4,
379,song-6bac77d1240e86ef2bbb72a325c5cabf07ecd65f355dcb3729a29e34a73dd633,Easy Does It,Oliver-Young,C,4/4,24,6,A B A,47,2,0,0,0,0,,false,0,0,0,0,0,0,0,0,0,0,4,
380,song-18d47907e488dab972ddf3d44be6d51c80923c61fd9fa848c5ac60c69c745c5e,Easy Living,Rainger Ralph,F,4/4,27,7,A B A,55,3,4,0,4,1,1 2,false,0,0,0,0,0,0,0,0,0,0,4,
381,song-cedaf6e94f84625b2969274ddb30e86ba1889abae065b68d00a3343329cd9518,Easy Street,Jones Alan,Eb,4/4,26,7,A B A,51,3,0,0,6,1,1 2,false,0,0,0,0,0,0,0,0,0,0,4,
382,song-cbd2977bc6f341cba53de17f1ad39f437ad3bead1fb56449b97748b1e5fa877c,Easy To Love,Porter Cole,G,4/4,32,8,A B A C,42,2,0,0,0,0,,false,0,0,0,0,0,0,1,0,0,0,4,
383,song-42f0cc9c59f72d6b87e77293c42313dbe9b8279ce9b63281638ac7bc597d6934,Ecaroh,Silver Horace,Db,,44,11,i A B,58,4,0,0,10,2,1 2,false,8,0,0,1,0,0,0,2,0,0,4,
384,song-0a11411a687846fb5acd5165e765495e7dca5eb988109e2b2d39f3007d89d37d,Eclypso,Flanagan Tommy,Eb,4/4,25,7,A B A,41,2,0,0,0,1,1 2,false,1,0,0,0,0,0,0,3,0,0,4,
385,song-9e24eda5459955485efaa4fe4c2b4651ec005dce2793f852e3984372a345ffb8,Edda,Shorter Wayne,G,3/4,40,10,i A B C D,40,1,0,0,0,0,,false,0,0,0,0,0,0,0,0,0,1,4,
386,song-e864e51fd9da976d376438b1d52d818bc5f70f3131df1759a741a41cc4cabd95,Eiderdown,Swallow Steve,G-,4/4,32,8,A B C A,24,2,0,0,0,1,,false,10,0,0,0,0,0,0,0,0,0,4,
387,song-473a076a8215590525ee92e20cb63b66e20866a4a1e4066fa2ad63f398e3016b,Eighty One,Carter Ron,F,4/4,12,3,,8,1,0,1,0,0,,false,4,0,0,0,0,0,0,0,0,0,4,
388,song-2ea2d3e7c42a4162fc6eee8922f1c0359f9957e39a957705361d6068a4597e7c,Eisenhower,Scofield John,Eb,4/4,32,8,A A B A,27,2,0,0,0,0,,false,10,0,0,0,0,0,0,0,0,0,4,
389,song-15f07f4a7f7c2eddf5773f2974b3fa72f8553f3a6f7780d0d95499f4b439b683,El Cajon,Mandel Johnny,Bb,4/4,32,8,A B A C,33,2,0,4,0,0,,false,3,0,0,0,0,0,0,0,0,0,4,
390,song-682deedf6d8efabcb9506e7c4e658b80969c3961fd24a9816f4821ae16464d7b,El Gaucho,Shorter Wayne,F,4/4,18,5,,20,2,0,0,0,0,,false,3,0,0,0,0,0,0,0,0,0,2,
391,song-e3a155703d0ecb21fd752dad6dbc90f1500760e6e1fdd9b24d3e3e19f3a26b62,Elora,Johnson J.J.,Bb,4/4,26,7,A B A,38,2,0,0,0,1,1 2,false,0,0,0,0,0,0,1,0,0,0,4,
392,song-e40bb9fa8b2f13007e3d903314d0fbfa2a163055b3edd7cd7bd817dba1b92c92,Embraceable You,Gershwin George,G,4/4,32,8,A B A C,45,2,2,0,0,0,,false,0,0,0,0,0,0,0,0,0,0,4,
393,song-950c017860781962827086330327ec4e3c028facaab513797fa67099251dc909,Emily,Mandel Johnny,G,3/4,40,10,A B A C,40,1,0,0,0,0,,false,0,0,0,0,0,0,0,0,0,0,4,
394,song-52ec89ec344bf15d56e2c75a555db524d7f26cb967067949251e6dcd1835af99,"End Of A Love Affair, The",Redding Edward,F,4/4,32,8,A B A C,54,3,0,0,4,1,,false,1,0,0,0,0,0,0,0,0,0,4,
395,song-d3828c9737c85baf8663bafb0fa173d8addb4fcffa320aea85a3ac0fb7a6e577,Epilogue,Evans Bill,Eb,4/4,16,4,,20,3,9,0,2,0,,false,3,0,0,0,0,0,0,0,0,0,4,
396,song-e1dc92e2fe2449de3d58a707538c818475d362462d172f78d731abae30118524,Epistrophy,"Thelonious Monk, Kenny Clarke",Db,4/4,32,8,A B C B,16,2,0,0,0,0,,false,22,0,0,0,0,0,0,0,0,0,4,
397,song-a68492ad7cd5e4f132ac2969a3fbe49533b0050ee269914ca6249de99aac76a7,Equinox,Coltrane John,C#-,4/4,12,3,,6,1,0,0,0,0,,false,6,0,0,0,0,0,0,0,0,0,4,
398,song-26d61e6eeb754bfec3c6a743cdf37f7d101080a3df8fc560f020c0824145b5e8,Eronel,Monk Thelonious,G,4/4,26,7,A B A,40,2,2,0,0,1,1 2,false,0,0,4,0,0,0,0,0,0,0,4,
399,song-0c21eb5a18b16ff748bb83ece068824fccbccee268f8dce87072ca9720ad9dc7,Estate,Martino Bruno,B-,4/4,28,8,A B,23,1,0,0,0,1,,false,5,0,0,0,0,0,0,2,0,0,2,
400,song-a4e39654c72ce263bf6c2d9db1ed3b362c13ecb6db3ffd5900bf21dc453fa019,Eternal Triangle,Stitt Sonny,Bb,4/4,26,7,A B A,50,3,0,0,4,1,1 2,false,0,0,0,0,0,0,0,0,0,0,4,
401,song-f9c1f22d955600448efbebcedc39c536a9eedf465d9e5c34c9465cc885d3fcfc,Every Time We Say Goodbye,Porter Cole,Eb,4/4,32,8,A B A C,62,2,3,0,0,0,,false,0,0,0,0,0,0,1,0,0,0,4,
402,song-43b6c8e249a73c933b5d2c0c50e69e91f7c9e7f1e1bc76afb993bccca4bb55a6,Everybody's Song But My Own,Wheeler Kenny,C-,3/4,42,12,A B A C,46,2,15,0,0,2,1 2,false,0,1,0,0,1,0,0,0,0,1,2,
403,song-0dfe477d57725b379f901d6492f0aae69ae8bbc893cb5651b70315fd370765de,Everything Happens To Me,Dennis Matt,Bb,4/4,25,7,A B A,50,4,0,0,8,1,1 2,false,0,0,0,0,0,0,0,0,0,0,4,
404,song-694a8b044fe1d6edb41d26456f63153062b18008e2078a63a0614f5f54bf5e1b,Everything I Have Is Yours,Lane Burton,C,4/4,32,8,A B A C,50,3,6,0,2,0,,false,0,0,0,0,0,0,0,0,0,0,4,
405,song-09c2ec3454672b2b3926ea27151692d1f4e49e05a21dfb5135bde846f1fee125,Everything I Love,Porter Cole,F,4/4,32,8,A B,42,2,0,0,0,0,,false,2,0,0,0,0,0,0,0,0,0,4,
406,song-dc1a182dfe7b33bc912ea7f6a58fef727b0c2ac31e67d64a7c2ede4649fdf7af,Everything I've Got Belongs To You,Rodgers-Hart,Eb,4/4,42,9,A B C,33,2,2,0,0,1,1 2,false,14,0,0,0,0,0,0,0,0,0,4,
407,song-41e9d704cd4144b64cbd957aa38cecd46036dc258cc2f641f8c311cc18de647c,Evidence,Monk Thelonious,Eb,4/4,24,6,A B A,28,2,0,0,0,1,,false,0,0,0,0,0,0,0,0,0,0,4,
408,song-0d9f6d019182c2c1204729e491f98a0904c29b0d8fa3a6440de1dac73cf147dc,Exactly Like You,McHugh Jimmy,C,4/4,26,7,A B A,25,2,0,0,0,1,1 2,false,6,0,0,0,0,0,0,0,0,0,4,
409,song-ffe389367d4c51c3413cbdb03872a3e97c709b9028f9217423f90f010235420a,Eye of the Hurricane,Hancock Herbie,F-,4/4,27,7,A B,30,2,4,0,3,0,,false,5,0,0,0,0,0,0,1,2,0,3,
410,song-583b078dd2cc7d6369ab5b0a030bcd1f2e8e6fbc5fcdcfdb7407fb5d4e79f27b,Fall,Shorter Wayne,E-,4/4,16,4,,17,2,1,0,0,0,,false,1,0,0,0,0,0,0,0,0,0,4,
411,song-4e5652dae32a870c61f99792b6b42dde45dda67259b9d66a396cb4395c03c0e8,Falling Grace,Swallow Steve,Ab,4/4,26,7,A B,30,2,6,0,0,0,,false,1,0,0,0,2,1,0,0,0,1,2,
412,song-6f37e2925c4e87c342673ee027101436c34d861061a3fa0392d163c315c8e378,Falling In Love Again,Hollander Frederick,C,3/4,25,7,A B A,35,2,2,0,0,1,1 2,false,1,0,0,0,0,0,0,0,0,0,4,
413,song-08a5a060fabbc913cdff05f0ac3ccabc58fa4dc0526d07171edfd3143d9d3640,Falling In Love With Love,Rodgers Richard,Bb,3/4,44,10,,22,1,0,0,0,1,1 2,true,22,0,0,0,0,0,0,0,0,0,4,
414,song-f9630085ecab8b80c6f36c7425e223495dfcbf1818ef8a26b690cce336cb3e5a,Fantasy in D (or Ugetsu),Walton Cedar,D,4/4,64,11,i A B A B,43,4,10,0,6,3,,false,0,15,0,0,0,0,0,1,0,1,8,
415,song-6d73440b531fc18a8b57faab62338c8a7c7a55f8ac56f5d7af01f0fce0ead226,Farmer's Trust,Metheny Pat,C,3/4,28,8,A B,50,3,10,0,2,1,,false,0,0,14,0,2,0,0,0,0,1,4,
416,song-d5d5c91f78574223358d19b152d535f84b9f3fefbfae7ac0652c1ee16550e675,Fascinating Rhythm,Gershwin George,F,4/4,40,10,v A B C,51,3,12,8,4,1,1 2,true,7,0,0,0,0,0,0,0,0,1,4,
417,song-91c20f80162653cc6ade489e66603f21ee051aa3ccabe31a39f1b4d7dde18e8c,Fascination,Marchetti Fernando-Dante,C,3/4,32,8,A B A C,24,1,0,0,0,0,,false,8,0,0,0,0,0,0,0,0,0,4,
418,song-c8e91635c269b6fb5aa2624da987b5965a82b7d7ea7607be32e864b4dc992006,Favela,Jobim Antonio-Carlos,A-,4/4,48,12,i A B C A B,46,2,0,0,0,0,,false,3,2,0,0,0,0,0,0,0,0,4,
419,song-8cd85c0ca6403bdffe5f4ab917cdd768bf7933546d5f6fddc94e63f2fdaeb7c3,Fee-Fi-Fo-Fum,Shorter Wayne,Bb,4/4,24,6,A B A,35,2,0,1,0,0,,false,4,0,0,0,0,0,0,0,0,0,4,
420,song-e650c7a22ace28aeecce2ff67820e6b3567d5e45d662d18a79dfb9ec187095c0,Feel Like Makin' Love,McDaniels Eugene,Eb,4/4,17,5,A B,20,3,0,0,2,0,,false,0,0,0,0,0,0,0,0,0,0,1,
421,song-40cf716b24a9375d59a939013de6fec51d8dd0fb78f8bbb858abc2aef6158fd1,Feels So Good,Mangione Chuck,F,4/4,27,7,,35,4,4,0,7,0,,false,0,0,0,0,0,0,0,0,0,0,3,
422,song-20e36f2607a1393219cea7f8712ed4eb6dd291a4f0bac216a187934d7320a14d,Fever,Davenport-Cooley,A-,4/4,24,6,A,12,1,0,0,0,0,,false,10,1,0,0,2,1,0,0,0,1,4,
423,song-d6e035adc222a5855614a4ce3b3cd3547a2c46fc39bf702271684e29276a00a3,Fine And Dandy,Swift Kay,F,4/4,32,8,A B,32,2,0,0,0,0,,false,3,0,0,0,0,0,0,0,0,0,4,
424,song-4581c61ad6950f307df2ff707c4cd461d46ba7001e2c847937e94a46e84e4f72,Fine And Mellow,Holiday Billie,F,4/4,12,3,,10,2,0,0,0,0,,false,3,0,0,0,0,0,0,0,0,0,4,
425,song-dee1e8f28fb551222ac70b4cbb929028abb24c93a5b67ea8ceda7fc465b9f9cc,Firm Roots,Walton Cedar,Eb,4/4,28,7,A B,18,1,0,0,0,1,,false,10,0,0,0,0,0,0,0,0,0,4,
426,song-11d9feaf621ee35b77d872cdc785b07fdee16822cd23ba2776e44a2ebf8a8a42,First Song,Haden Charlie,C-,4/4,24,6,,34,3,10,0,4,1,,false,0,0,0,0,2,0,1,1,0,1,4,
427,song-8d600fa096f844dca5ebe8c01ca60b6fc90989c8f4d9265e7d8e335942e3e5f2,Five Brothers,Mulligan Gerry,C,4/4,26,7,A B A,47,2,0,0,0,1,1 2,false,0,0,0,0,0,0,0,0,0,0,4,
428,song-75c277e698c114a13cec1ab8978e0bcae2154abdb0f962659908aed6ea58ea74,Flamenco Sketches,Davis-Evans,C,4/4,28,7,i A,9,2,2,0,0,0,,false,7,7,0,0,0,0,0,0,0,0,4,
429,song-7fca7458366dcd60afa84030ffda5b09d51f6bcc794369ffdc0567b9f44f2acf,Flamingo,Grouya Ted,F,4/4,26,7,A B A,37,2,0,0,0,1,1 2,false,0,0,0,0,0,0,0,0,0,0,4,
430,song-0dc177b0ec11aebdabd9cf86775eab8a291d69bebe867af7e42cf971193f5223,Flat Foot Floogee,Gaillard-Stuart-Green,F,4/4,25,7,A B A,39,2,4,0,0,1,1 2,false,3,0,0,0,0,0,0,0,0,0,4,
431,song-11cbf37d6ad7c3df7705de57c5d148674ae5aab5635e0a70dac894fb1af5e1ec,Flintstones,Curtain Hoyt,Bb,4/4,26,7,A B A,25,2,0,0,0,1,1 2,false,5,2,0,0,0,0,1,0,0,0,4,
432,song-0e73110e4149c1259a4caa9547b8ef948bb2eef05750d1ed33c07ad987c04a6f,Fly Me To The Moon,Howard Bart,C,4/4,32,8,A B,38,2,0,0,0,0,,false,0,0,0,0,0,0,1,0,0,0,4,
433,song-3047c396b151ab4da337b12f9855a05314a677ebfc909a92efd5f87b961fb660,Flying Home,Goodman-Hampton,Eb,4/4,25,7,A B A,39,3,6,0,12,1,1 2,false,4,0,0,0,0,0,0,0,0,0,4,
434,song-4afb49579f76f7001a1a1329391a6d03814dd44f079bcacaa46648dc11c9812f,"Folks Who Live On The Hill, The",Kern Jerome,C,4/4,34,10,A B A,69,4,8,0,6,1,1 2,false,0,0,0,0,0,0,0,0,0,0,2,
435,song-6d82cb5061efd2298e43bc70013569df330948e0e6889c83c5d1d1bb10bcb869,Fools Rush In,Bloom Rube,C,4/4,32,8,A B A C,32,2,2,0,0,0,,false,1,0,0,0,0,0,0,0,0,0,4,
436,song-dfa44a5e05e90bdeb2d8c3d40b5316fb0e55660b53336f9143322a7871bd7f18,Footprints,Shorter Wayne,C-,3/4,24,6,,9,1,0,0,0,0,,false,15,0,0,0,0,0,0,0,0,0,4,
437,song-9f2387524cdb303331f631e4703bbce48a06485d97fae815ac459c64d437d3d3,For All We Know,Coots Fred,Eb,4/4,32,8,A B,47,2,0,0,0,0,,false,0,0,0,0,0,0,0,0,0,0,4,
438,song-473a831cf35887a449db12e7229178901100445b66d002239947d92891666643,For Heaven's Sake,Edwards-Meyer-Bretton,F,4/4,24,6,A B A,46,3,1,0,2,1,,false,0,0,0,0,0,0,0,0,0,0,4,
439,song-8c7d90ba4908969c475f14c49ca3be58b298ab78de6a40bf55ddd46bc97bec86,For Jan,Wheeler Kenny,A,3/4,24,6,,21,1,2,0,0,0,,false,3,0,0,0,0,0,0,0,0,0,4,
440,song-13fc219f95f2056c6a2ca613bbf0b72cc96251d54b5c0138e1633dda82890158,For Minors Only,Heath Jimmy,C-,4/4,20,5,,33,2,2,2,0,1,1 2,false,1,0,0,0,0,0,0,0,0,0,4,
441,song-597a3d3071625d9fa18dfe16d363549fea43ff2cc6f6e5494e8a3d14c3413843,For Once In My Life,Murden Orlando,Bb,4/4,32,8,A B A C,57,2,3,0,0,0,,false,0,0,0,0,0,0,0,0,0,0,4,
442,song-74d1c72c214966ddddb24bcfa3f6b9103e52a4935728b159b78a6ad26b7beec8,For Sentimental Reasons,Best William,F,4/4,26,7,A B A,50,3,0,0,2,1,1 2,false,0,0,0,0,0,0,0,0,0,0,4,
443,song-16067ed66618261e680083cf4877b69719f073c7dcfd501b9fcbc5ffad6abeaf,"For You, For Me, For Evermore",Gershwin George,Eb,4/4,32,8,A B,40,3,1,0,2,0,,false,3,0,0,0,0,0,0,0,0,0,4,
444,song-480dd605be86fbde585006eb2c247485932d616cc03dc63b542294a60b54fa42,Forest Flower,Lloyd Charles,C,4/4,30,8,A B,22,2,0,0,0,1,,false,9,0,0,0,0,0,0,0,0,0,2,
445,song-87d98ddb8d05c14fa981d5e91fd034a524e918b208ea37f6c88095c9262a89dd,Forever Sonny,Heath Jimmy,Bb,4/4,26,7,A B A,37,2,0,0,0,1,1 2,false,3,0,0,0,0,0,1,0,0,0,4,
446,song-c01410d147ef5e0f4390b7e4119a560cb1f7251e808d9ebed2716b91d32bff35,Four,Davis Miles,Eb,4/4,32,8,A B A C,32,2,3,0,0,0,,false,5,0,0,0,0,0,0,0,0,0,4,
447,song-a92c549af02ed306383bda016869be7e9c6d125a33751b97cbde9b08eeaa4803,Four Brothers,Giuffre Jimmy,Ab,4/4,26,7,A B A,40,2,0,0,0,1,1 2,false,0,0,0,0,0,0,0,0,0,0,4,
448,song-540e5fb9d46ad86a53238b78a187769f8462de162f2c58cfa632d06a29f200c9,Four In One,Monk Thelonious,Eb,4/4,24,6,A B A,26,2,0,4,0,1,,false,4,0,0,0,0,0,0,0,0,0,4,
449,song-6b67ffdfd58e573424aa0fc9c3cec923b650268a11c2310bb22f2323715750b8,Four On Six,Montgomery Wes,G-,4/4,16,4,,19,2,0,0,0,0,,false,5,0,0,0,0,0,0,0,0,0,4,
450,song-7f0f19248a1763d9ffbaf501bd52a368f962d0ef3df61ea5d436c7baa2cfda68,Fran Dance,Davis Miles,Bb,4/4,32,8,A B A B,30,2,8,0,0,1,,false,4,0,0,0,0,0,0,0,0,0,4,
451,song-60f30165f4253060efa4e1ab8060d4dd28975993e68ccd107685a54b338583c4,Freckle Face,Nestico Sammy,Bb,4/4,36,9,A B C,41,2,0,0,0,1,1 2,false,0,0,0,0,0,0,1,0,0,0,4,
452,song-d1fa345559939078f85c70f210a07471b8b425b4a839adb98b74faa28927171e,Freddie Freeloader,Davis Miles,Bb,4/4,14,4,,7,1,0,0,0,1,1 2,false,7,0,0,0,0,0,0,0,0,0,2,
453,song-912b53f788e1541c02def97a11dc3f229e378e388727eb2fea3559838f27e43a,Freight Train,Flanagan Tommy,Ab,4/4,12,3,,20,2,0,0,0,0,,false,0,0,0,0,0,0,0,0,0,0,4,
454,song-a22e8445a009048be9f3dfa64c6821368346505198097ea59173b24aeed50f6a,Frenesi,Dominguez Alberto,Ab,4/4,24,6,A B A,18,2,0,0,0,1,,false,10,0,0,0,0,0,0,0,0,2,4,
455,song-82158a85622e96d117a313a9dfc80177bba1a51583184fc6fde2580df35a8bc7,Friday The 13th,Monk Thelonious,G,4/4,8,2,,16,2,0,0,0,0,,false,0,0,0,0,0,0,0,0,0,0,4,
456,song-af8c6a849fcf051a3cd698627f6bfed35a72461bee46266c327090d7a102baf8,"Frim Fram Sauce, The",Richardel Joe,Bb,4/4,25,7,A B A,36,2,2,0,0,1,1 2,false,4,0,0,0,0,0,0,0,0,0,4,
457,song-627d632704e102e4086c65169662b7d1748ca07c41b724a4320ff5bdcaf5c712,From This Moment On,Porter Cole,F-,4/4,44,11,A B,36,1,1,0,0,1,1 2 3,true,8,0,0,0,0,0,0,1,0,1,4,
458,song-09922d3a0f7aee8ec9f97403296cd33be44370796c93851c4af092476b1fbce8,Fuchsia Swing Song,Rivers Sam,Eb,4/4,16,4,,13,1,0,2,0,0,,false,3,0,0,0,0,0,0,0,0,0,4,
459,song-04a7ba9ee4a64cd8e457df13d7f76558993a49a5e7155b2b1c03808c0b895732,Full House,Montgomery Wes,F-,3/4,40,10,A B A,38,1,0,6,0,1,,false,2,0,0,0,0,0,0,0,0,0,4,
460,song-fbd303851f2a9ab2b53efd32755a9656cb64b5c7431dfe070e9fdb26a2e070fd,Funk In Deep Freeze,Mobley Hank,Ab,,26,7,A B A,35,2,0,0,0,1,1 2,false,1,0,0,0,0,0,0,0,0,0,4,
461,song-86d561861d014ba1eba8c68037017441ca46584f3d08201bd71ade48f2a962af,Funkallero,Evans Bill,C-,4/4,16,4,,14,2,0,0,0,0,,false,3,0,0,0,0,0,0,0,0,0,4,
462,song-4ef38fe13c7489f593b0cdf5077dda39f6da7c39def3e52383d0f57b29608b39,Gallop's Gallop,Monk Thelonious,Ab,4/4,24,6,A B A,38,3,1,0,2,1,,false,3,0,0,0,0,0,0,0,0,0,4,
463,song-62bc5e12e6076112a26c5ae90819c01956802d04ce1afa7ceda94490b8ef9c65,Gary's Notebook,Morgan Lee,C-,3/4,28,7,i A,26,1,0,0,0,1,,false,2,0,0,0,0,0,1,0,0,1,4,
464,song-db2466e04fa45796f541d74407d7cc7256103d6781e42916a69f0b3b8734f79c,"Gee Baby, Ain't I Good To You",Redman Don,Eb,4/4,16,4,A B A,33,3,1,0,2,0,,false,0,0,0,0,0,0,1,0,0,0,4,
465,song-11cf12ee8285bbbd23cc8d071d5005f51993aa4e6b962808195a3e72ff465c1c,"Gentle Rain, The",Bonfa Luiz,A-,4/4,24,6,A,24,2,1,6,0,1,1 2,true,3,0,0,0,0,0,0,0,0,1,4,
466,song-0dfc5c511d571d1eb6e1eb4121cb978cef6230c41aa61c3ba56fe608a74fbf44,Gentle Wind And Falling Tear,Burton Gary,Ab,4/4,24,6,,50,3,0,0,6,1,1 2,true,0,0,0,0,0,0,0,0,0,0,4,
467,song-2481fc40567f2ab869c983c4ab6f4e87f96f35b38a392bc7ee5477a63179cf02,Georgia On My Mind,Carmichael Hoagy,F,4/4,26,7,A B A,51,3,5,3,6,1,1 2,false,0,0,0,0,0,0,0,0,0,0,4,
468,song-6d934c7c385fb578b44b3195a8c76e6ad393ef5cb73272831976b70dbd193dd1,Get Happy,Arlen Harold,F,4/4,32,8,A A B A,63,2,6,0,0,0,,false,0,0,0,0,0,0,0,0,0,0,4,
469,song-ee55e0e4b10b031c41d6bd52c4507facdf06066c2a462205a734ff9d29fbbb83,Get Me To The Church On Time,Lerner Alan,G,4/4,38,10,A B,30,2,0,0,0,1,,false,11,0,0,0,2,0,0,1,0,1,2,
470,song-15468c8530c06b542704bee08865d2fc249d8e9257c924f7a4ca92d99cb13f84,Get Out Of Town,Porter Cole,Bb,4/4,32,8,A B,32,2,0,0,0,0,,false,6,0,0,0,0,0,1,0,0,0,4,
471,song-e4f2141982f6425e7ffef4daf5a931140d2fc99694d7fae1d8e45ea5e3b56a6e,Giant Steps,Coltrane John,Eb,4/4,16,4,,26,2,0,0,0,0,,false,0,0,0,0,0,0,1,0,0,0,4,
472,song-8138310655c6376493ea5217cc1bbe590c62ebc5eb87f42e28f7d58bc1179ee5,"Girl From Ipanema, The",Jobim Antonio-Carlos,F,4/4,34,9,A B A,23,1,0,0,0,1,1 2,false,11,0,0,0,0,0,0,0,0,0,4,
473,song-2f19e3be0d32e01da5b130b848becedb980c26a6571cb0ab269e4dababbfc46b,Girl Talk,Hefti Neal,F,4/4,12,3,,28,4,0,0,8,0,,false,0,0,0,0,0,0,0,0,0,0,4,
474,song-954a45579a481a0d08a44135674b5b57bcdef46cf98a3fbcfbb9a69a4f7d9c82,Give Me The Simple Life,Bloom Rube,Eb,4/4,26,7,A B A,48,2,4,0,0,1,1 2,false,0,0,0,0,0,0,1,0,0,0,4,
475,song-10bdf275a376c7b99d5b2ad19e7a357e2350fc34ff2d0898af775030afec314f,Glad To Be Unhappy,Rodgers-Hart,F,4/4,24,6,A B C,31,3,0,0,2,0,,false,3,0,0,0,0,0,0,0,0,0,4,
476,song-6d28860f33fda9fde206fb5cc583210e9baafdaed33d2076455cdde1714f5f22,Gloria's Step,LaFaro Scott,F,4/4,20,5,A B,21,2,0,0,0,0,,false,1,0,0,0,0,0,0,0,0,0,4,
477,song-1695c4f2af3fc57f6aeda6b5fbc30fac21ab43eb07903da00c9108318a31d73c,"Glory Of Love, The",Hill Billy,G,4/4,26,7,A B A,42,2,0,0,0,1,1 2,false,2,0,0,0,0,0,0,0,0,0,4,
478,song-708c81d4e4c43a59413f2159d9768019794b72ac39789276ab9b16df484f4f91,God Bless The Child,Herzog-Holiday,Eb,4/4,30,8,A B A,56,3,0,0,8,1,1 2,false,0,0,0,0,0,0,0,0,0,0,2,
479,song-413d63035fe6869c3e7b17546f62b73f16f39f578ab323ab7870556d62b7e5ab,Godchild,Wallington George,Ab,4/4,25,7,A B A,42,2,0,0,0,1,1 2,false,0,0,0,0,0,0,0,0,0,0,4,
480,song-b5b444be963a9ff4a19c88fff2d9c37c338cc73b784527f46eb8845752289bde,Golden Earring,Livingston Jay,C-,4/4,24,6,A B A,36,2,4,0,0,1,,false,1,0,0,0,0,0,0,0,0,0,4,
481,song-2408bc4df441d53b88aadbcfa1a05e0d16b5fd1a67450e9f4a89f1f4ad7fdcd5,Gone With The Wind,Wrubel Allie,Eb,4/4,32,8,A B,49,2,0,1,0,0,,false,0,0,0,0,0,0,1,0,0,0,4,
482,song-63c247fe2fa4455b561f1c05cfb54a7d4d573dffefca274249c29f45bf97c231,Good Bait,Dameron Tadd,Bb,4/4,25,7,A B A,56,4,0,0,12,1,1 2,false,0,0,0,0,0,0,0,0,0,0,4,
483,song-9e319c2a89d3ed248fb465a9fc8cbb62831f117db442b4d36ccef6fe82c20305,"Good Life, The",Distel Sacha,Ab,4/4,32,8,A B,32,2,0,0,0,0,,false,3,0,0,0,0,0,0,0,0,0,4,
484,song-edc10ba698406dd821740eb0c674ef0f68184c9252e06fa933f22b3497779ea6,Good Morning Heartache,Drake-Fisher-Higginbotham,C-,4/4,24,6,A B A,43,2,0,0,0,1,,false,0,0,0,0,0,0,0,0,0,0,4,
485,song-2a8038cdee4765d29dff1c0e68267c97b1103b780f32d6d720ca72d3181eb81c,Goodbye,Jenkins Gordon,C,4/4,23,6,A B,32,2,5,0,0,1,1 2,false,2,0,0,0,0,0,1,2,0,0,4,
486,song-cfa51bac0fea8eb4d49bdd20e8e108be95e4d860f21b85deace6d202bf09b756,Goodbye Pork Pie Hat,Mingus Charles,Eb,4/4,27,7,i A,46,3,0,0,2,2,,false,4,0,0,0,2,3,0,3,0,2,3,
487,song-3aa5b198948bca44425b6af235217f3c8268b835c3ad4c7f3a6a44143dab3d4a,Got A Match?,Corea Chick,D-,4/4,16,4,,20,2,6,0,0,0,,false,0,0,0,0,0,0,0,0,0,0,4,
488,song-4f5325a659c6c8db6697dccba1b7626387453c216c0b583bc219f10416295038,Grand Central,Coltrane John,Bb-,4/4,30,8,A B A,32,2,0,0,0,1,1 2,false,7,0,0,0,0,0,0,0,0,0,4,
489,song-a3cca4076d0aefb792108ad9551d6c351d800dcf190395e8afe07260ae20ee11,"Gravy Waltz, The",Brown Ray,C,3/4,24,6,A B A,31,2,7,0,0,1,,false,0,0,0,0,0,0,0,0,0,0,4,
490,song-63aacd0e207b0ba154405241e801a79d2e1dae3600328f7687872c6888d32ba1,Green Chimneys,Monk Thelonious,G#-,4/4,24,6,A B A,16,2,0,0,0,1,,false,4,4,0,0,0,0,0,0,0,0,4,
491,song-482781d32dc2b4bebe01bf53966a6018a1055fc6618d9ef52ded5b60a711a2c1,Gregory Is Here,Silver Horace,Bb,4/4,40,10,A B A,31,2,0,0,0,1,,false,10,0,0,0,0,0,0,2,0,0,4,
492,song-481d1224eee89f1a80d4d13d36f1622a991f80ee2a5af8b409b433ffd76d5583,Groovin' High,Gillespie Dizzy,Eb,4/4,20,5,,19,2,0,0,0,1,1 2,false,3,0,0,0,0,0,0,0,0,0,4,
493,song-6bbba8ed899c931f6ce68c9f250c914d51ed916f56a8619341c46a716e72a1ca,H & H,Metheny Pat,C,4/4,29,8,A B,49,3,0,0,4,2,,false,0,0,2,0,2,1,0,2,6,1,3,
494,song-2be8f92545b5636934937ddc48306a18564a3d1f71eab9187b2472507a0c9657,Hackensack,Monk Thelonious,F,4/4,26,7,A B A,27,2,0,0,0,1,1 2,false,2,0,0,0,0,0,0,0,0,0,4,
495,song-1650bfb001aa5a6bae17e6a418c67c6693642024f783ac4104078ed0631ee2d0,Half Nelson,Davis Miles,C,4/4,16,4,,17,2,0,0,0,0,,false,3,0,0,0,0,0,1,0,0,0,4,
496,song-93aceabadde0750d799af12cd6e19bd3e015b5129023e8623caaa2998918698c,Hallelujah I Love Her So,Charles Ray,Bb,4/4,32,8,A B A,50,3,9,0,8,1,,false,0,0,0,0,0,0,0,0,0,0,4,
497,song-e12e507e93ac04ca76f7297161bf4f54203a14968f7bfe505081867568f3a5d8,Hallucinations,Powell Bud,F,4/4,31,9,A B A C,57,2,3,0,0,1,1 2,false,0,0,0,0,2,0,0,1,0,1,2,
498,song-f78ff124d8d084aea3a688eb156c7f17c3e8aa7fd20678f63323e5f47e3876ac,Happiness Is A Thing Called Joe,Arlen Harold,F,4/4,36,9,A B A C,48,2,0,0,0,0,,false,5,0,0,0,1,0,1,0,0,1,4,
499,song-394e1e7ee5c7abd4dda4c88949b1afb041aa79ce613555785672e6bb4a50d33c,Happy Little Sunbeam,Freeman Russ,F,4/4,32,8,A B A C,39,2,0,0,0,0,,false,1,0,4,0,0,0,0,0,0,0,4,
500,song-51f5cbd9af6703e1f3ce63c6ccd28dd904484fd4c0b896d1c2df5327f5e346aa,Happy Talk,II Rodgers-Hammerstein,F,4/4,48,12,A B A,55,2,2,0,0,1,,false,7,0,0,0,0,0,0,0,0,0,4,
501,song-aa2de4274381ec2482ec55efa8571638685cb9d188de43349b157e3f4b1fe453,Harlem Nocturne,Hagen-Rogers,G-,,29,8,A B A,36,4,0,0,15,2,1 2 1 2,false,8,0,0,0,0,0,0,0,0,0,4,
502,song-e4832e58824fd8b8e0ad64a02284df3319406abbc5ef6935ac3b92c261f9c22d,Harlequin,Shorter Wayne,A,4/4,44,11,i A,59,4,30,0,16,2,,false,6,2,0,0,2,0,0,2,0,2,4,
503,song-fb1bd764120bdfe37d5f9f26da9aa22477c8763d3e23bc4648454d701f55292f,Haunted Heart,Schwartz Arthur,Eb,4/4,36,9,A B A C,52,2,1,0,1,0,,false,0,0,0,0,0,0,0,0,0,0,4,
504,song-db8f01982f60eff317f5b0e5e667167f6f0f8220a6ef0802d8df45feaa571d20,Have You Met Miss Jones?,Rodgers Richard,F,4/4,26,7,A B A,35,2,0,0,0,1,1 2,false,0,0,0,0,0,0,0,0,0,0,4,
505,song-3f81663cec2ba8dabe9c20ba35240ed114455a83da83a61d384ae1c6ade0f319,He's A Tramp,Lee-Burke,G,4/4,24,6,A B A,35,2,0,0,0,1,,false,3,0,0,0,0,0,0,0,0,0,4,
506,song-aba812703c783bd409dba793482a458ecf8b193a3ad0d946aa41556875f79cff,Heart And Soul,Carmichael Hoagy,F,4/4,28,8,A B A,58,3,0,0,4,1,1 2,false,0,0,0,0,0,0,0,0,0,0,2,
507,song-ac355b8301d130de82b63bf2432cc9e65c2e43054a070e4623661fae2f15af55,Heat Wave,Berlin Irving,G,4/4,24,6,A B A,38,2,0,0,4,1,,false,0,2,4,0,0,0,0,0,0,0,4,
508,song-45312a2ea74a9ed1cfaa064afc989dcb93e050fec66a4ae97a75960c07988db9,Heaven,Ellington Duke,Bb,4/4,24,6,A B C,17,2,0,0,0,1,,false,8,0,2,0,0,0,0,0,0,0,4,
509,song-4f48a0094a045b5530b30539d8448e88952af71ec840f467507a964b0618d7b9,Hello,Jackson Milt,G,4/4,27,7,A B A,54,3,1,1,10,1,1 2,false,0,0,0,0,0,0,1,0,0,0,4,
510,song-de9008367532b1a6296cd65c6307130571a00f8f82393724e8750fa8c21a1703,Hello Dolly,Herman Jerry,C,4/4,38,9,A B,43,4,4,0,6,0,,false,4,0,0,0,2,0,0,0,0,1,6,
511,song-c24ad03453bc84c2c9b8f2ed0fac2d67c842f81bead66981413d0aca0c2d18e0,Hello Young Lovers,Rogers Richard,C,3/4,58,8,A B A,57,2,4,0,2,1,1 2,false,2,0,0,0,0,0,0,0,0,0,8,
512,song-c453a348cc162156491b01251c30426f1b9d984ba943ff9598032c3c405c28e6,Here's That Rainy Day,Van-Heusen Jimmy,G,4/4,32,8,A B A C,44,2,2,4,0,0,,false,0,0,0,0,0,0,0,0,0,0,4,
513,song-54eae5ff3f6c717eb59b97f0c461086440fc3ba05a701d5fa6d62ad9f2661de6,Here's That Sunny Day,Kessel Barney,A,4/4,64,12,i A B A,53,3,2,0,2,2,1 2,false,16,0,0,1,2,0,0,1,0,2,8,
514,song-dfcb5ae6bdf00fa4bf3e480c4a377294b9d7e2283a7caf85dd0875dda7a892ec,Here's To Life,Butler Artie,C-,4/4,44,11,A A B C D,45,2,7,0,0,1,,false,3,0,0,0,0,1,0,0,0,0,4,
515,song-c42fc4f88bb72f917fd931651898c76cba8f6502ca274ec9094f3227c93ca3ae,Here's To My Lady,Bloom-Mercer,Eb,4/4,32,8,A B C D,55,2,1,0,0,0,,false,0,0,0,0,0,0,0,0,0,0,4,
516,song-bd5f2997d3d018bbfd941dbc23ebbedd68a018d546971f7b7d6fa559fbf6e2ea,Herzog,Hutcherson Bobby,F,4/4,52,10,i A,28,2,0,0,2,10,,false,14,6,0,0,0,0,0,2,1,2,4,
517,song-9f4d19098db238dea37dea513d7156ca8bfa2f0d4eb2c72d1e0aba9507cda8b8,Hey There,Alder-Ross,Eb,4/4,36,9,A B A C,57,2,0,0,0,0,,false,0,0,0,0,0,0,0,0,0,0,4,
518,song-c96eae3c619ebd9b8a3339bc632f653f7f880d61007c4fd460cb4c0336e6487a,Heyoke,Wheeler Kenny,F,3/4,22,6,,18,2,1,0,0,1,1 2,true,6,0,0,0,0,0,0,0,0,0,4,
519,song-49063b7e584c5fed077b932cf1c78475674d6245990c67f0166977a4c32ad35e,Hideaway,Sanborn David,Ab,4/4,41,10,,58,3,5,0,8,1,,false,4,0,8,0,0,0,0,1,0,0,5,
520,song-dc915379da8766ff4a77f1cc9e03196793bd88225f477e6e239060c8c20e6702,High Fly,Weston Randy,C,4/4,26,7,A B A,32,2,0,0,0,1,1 2,false,0,0,0,0,0,0,0,0,0,0,4,
521,song-e4912bcf2e38d07ba8a0895df81018880fc360365078430c9a0deca9a7463fbd,High Hopes,Van-Heusen Jimmy,F,4/4,34,9,i A B,45,2,1,0,0,0,,false,2,0,4,0,0,0,0,0,0,0,2,
522,song-341b19940bca5ef423506cea225cef316de8b25ac93f313830d5313c1abca6ba,Hindsight,Walton Cedar,C,4/4,30,8,i A B C,27,3,0,0,4,1,,false,7,1,0,0,0,0,0,0,0,0,4,
523,song-fa3c28035f9766cffc20b49e7ddfab2278f238e93ea01ebadc6895b78649ba11,Hocus-Pocus,Morgan Lee,F,4/4,26,7,A B A,42,2,0,0,0,1,1 2,false,0,0,0,0,0,0,0,0,0,0,4,
524,song-3de34f3518e241f766d07711f6216c889fdb6e6bba1448548e86fb5d0b12d111,Holy Land,Walton Cedar,C-,4/4,12,3,,16,2,0,0,0,0,,false,0,0,0,0,0,0,0,0,0,0,4,
525,song-9658c7a2eacc2a40680258c7b6ce316b1bbd8dff8db32e9fbeaa79ab5d1cc388,Home At Last,Mobley Hank,Bb,4/4,30,8,A B,24,2,0,0,0,1,1 2,true,8,0,0,0,0,0,0,0,0,0,2,
526,song-00c0b6b7c7b81ab6aaf768be3b0c5a67db107af4d8126b3f79ee9a9c9039dd51,Home Cookin',Silver Horace,F,4/4,26,7,A B A,46,2,0,3,0,1,1 2,false,0,0,0,0,0,0,0,0,0,0,4,
527,song-e8e39281e6b5c69fa0379c87edba8581e2cbc7d39fbaa3b277d57e640a064c9b,Homecoming,Holland Dave,Eb,4/4,23,6,i A,32,2,0,0,0,1,,false,5,0,0,0,0,0,0,1,4,0,3,
528,song-580a7aa1a75710aef005e8b12820bf7de44d8df7713b935111b7aaf8836f0055,Honeysuckle Rose,Waller Fats,F,4/4,26,7,A B A,37,2,2,0,0,1,1 2,false,5,0,0,0,0,0,1,0,0,0,4,
529,song-77766c986c47cd7616256914ffa74e9681bdcb8597761f6777672a8216c5ce00,Horace-Scope,Silver Horace,Db,4/4,39,10,,45,2,2,0,0,2,1 2,false,0,0,2,0,2,0,0,2,0,2,4,
530,song-6a612b808c567effab4bc6a89967dddca4751d1c66047a0472697a6e8a1d5b69,Hot House,Dameron Tadd,C,4/4,24,6,A B A,17,1,0,0,0,1,,false,7,0,0,0,0,0,0,0,0,0,4,
531,song-464a96c25b1ada9ceda16689b1b3e867feb2bbff8fa2a02d35ef3251f0792580,House Of Jade,Shorter Wayne,C-,4/4,24,6,A B A,36,2,0,0,0,0,,false,4,0,0,0,0,0,0,0,0,0,4,
532,song-ae2cb625064cea13374fffd7e5eae289e8116b250aace8c318537702d44a25ff,How About You,Lane Burton,F,4/4,32,8,A B,48,2,1,7,0,0,,false,0,0,0,0,0,0,0,0,0,0,4,
533,song-bd3c575d2e3328382a565a5eea7ed85c782b0f9c1d38335cb4d99872e1971a66,How Are Things In Glocca Morra,Lane Burton,F,4/4,30,8,A A B,41,3,2,0,6,0,,false,4,0,2,0,0,0,0,0,0,0,2,
534,song-f2bf3adc25dda206db29ddedf08b8b3c52e99794eaa7d4b37f141085e886bdcc,How Deep Is The Ocean,Berlin Irving,Eb,4/4,32,8,A B A C,46,2,0,0,0,0,,false,3,0,0,0,0,0,1,0,0,0,4,
535,song-f2e93f4f46792ddb86aea19c8ab0ca1ef4be2997f5aaa238c3d6429909dd7ddc,How High The Moon,Lewis Morgan,G,4/4,32,8,A B A C,38,2,0,0,0,0,,false,4,0,0,0,0,0,0,0,0,0,4,
536,song-9331a501e57e147982b988c351354ddcc065906b3de334e999248636fc42d679,How Insensitive,Jobim Antonio-Carlos,D-,4/4,32,8,A B,24,2,1,0,0,0,,false,9,0,4,0,0,0,0,0,0,0,4,
537,song-f92a0742e6be4aacb442d161af59a46da8acfdfaa53ee9a2cb3e783b7f480f1d,How Little We Know,Carmichael Hoagy,F,4/4,32,8,A B A C,35,2,1,0,0,0,,false,4,0,0,0,0,0,0,0,0,0,4,
538,song-7d94a18c7e4d5ca067e12bec8f5c8d76a08fb9d365a9779f3e7f6a2baee37740,How Long Has This Been Going On?,Gershwin George,F,4/4,25,7,A B A,48,3,0,20,12,1,1 2,false,0,0,0,0,0,0,0,0,0,2,4,
539,song-5e6dde08b0ca8f5406c86fc78e0615b331c8e7183bfe44ee8c36c51462a6d530,How My Heart Sings,Zindars Earl,C,3/4,36,9,,38,2,10,0,0,0,,false,0,0,0,0,2,0,0,1,2,1,4,
540,song-808f0029cca052d3913571ad6fcad4f8cdabc1f1140f9831bd72a3d2e1952c7d,Humpty Dumpty,Corea Chick,C,4/4,26,7,,25,2,0,0,0,0,,false,4,0,2,0,2,1,0,0,0,1,4,
541,song-22552028657af85ea55648758e15c3ff1cdb0df87ca62f92902568b7bdf03967,Hungaria,Reinhardt Django,G,4/4,32,8,A B A C,21,1,2,0,0,0,,false,11,0,0,0,0,0,0,0,0,0,4,
542,song-066c8a4ab5cbec9a4454d25ab07fa5f01996ab788579f43ab026737a09dc1dd4,I Ain't Got Nobody,Graham-Williams,G,4/4,32,8,A A B A,37,3,2,0,9,0,,false,8,0,3,0,0,0,0,0,0,0,4,
543,song-d37fe12dd96ab31eb5d97dd8a8d8a17545d56e5ef6158a7bb4612694291e0cc6,I Believe In You,Loesser Frank,G,4/4,42,11,A B,48,2,0,1,0,1,1 2,false,1,0,0,0,0,0,0,2,0,0,4,
544,song-795a1d38b4adc12367f76d5c92a1c71a877bfc7ba2fba6e88ab9e063626020ab,I Can't Believe That You're In Love With Me,McHugh Jimmy,C,4/4,32,8,A A B A,29,2,0,0,0,0,,false,6,0,2,0,0,0,0,0,0,0,4,
545,song-5ff2c02b5235806260b9ae62dca021f3babcc7b48f5d9afc3c1af76c20d304c4,I Can't Get Started,Duke Vernon,C,4/4,26,7,A B A,59,4,0,0,18,1,1 2,false,0,0,0,0,0,0,0,0,0,0,4,
546,song-6d0ccfa450a457f7d89b90877008d89c766da271940fb374cc4c9791ebe63bf5,I Can't Give You Anything But Love,McHugh Jimmy,F,4/4,32,8,A B A C,37,2,0,0,0,0,,false,3,0,0,0,0,0,0,0,0,0,4,
547,song-a0bceaf50591143566bd0d797e3a2b7da3535ec37ab946f95cd30cd12e277491,I Concentrate On You,Porter Cole,Eb,4/4,64,8,A B C D,58,2,0,0,12,0,,false,12,0,0,0,0,0,0,0,0,0,8,
548,song-71b6c506df016b8715c5b25eac39af301ddf2227fabe356a4f7ca8961e46c63c,I Could Have Danced All Night,Loewe Frederick,C,4/4,32,8,A B C D,38,2,0,0,0,0,,false,2,0,0,0,0,0,0,0,0,0,4,
549,song-2530ed718f2bb41b8c9764be22ef71c433331b6e84f6177664e7f452b0a63fc9,I Could Write A Book,Rodgers Richard,C,4/4,32,8,A B A C,54,2,0,0,0,0,,false,0,0,0,0,0,0,0,0,0,0,4,
550,song-7fc15782801bb53031845bc7861801edbf2a7f48e012f918a9f38a80fcf83fa4,I Cover The Waterfront,Green Johnny,G,4/4,24,6,A B A,43,2,0,0,0,1,,false,0,0,0,0,0,0,1,0,0,0,4,
551,song-2afc637368b108d5382a7bb09a4c1b19e0cff25e0537d2736ccd15fd3b1990ce,I Cried For You,Freed-Arnheim-Lyman,F,4/4,40,10,A B A,41,2,4,0,0,0,,false,7,0,0,0,0,0,0,0,0,0,4,
552,song-0a355851087a1b0e15f08fcb24317b0400c4d687fac05416e43dcce33dbbc7a1,I Didn't Know About You,Ellington Duke,F,4/4,26,7,A B A,43,2,0,0,0,1,1 2,false,1,0,0,0,0,0,1,0,0,0,4,
553,song-b1ae824cc6ddca79b4ad4911f46819275a4127d89668b5be0542bc3af2533072,I Didn't Know What Time It Was,Rodgers Richard,G,4/4,29,8,A B A,54,4,2,6,6,1,1 2,false,1,0,0,0,0,0,0,0,0,0,4,
554,song-d403b6cf7f6d3c6f7beb22f09d722b0516f4fdd66d7632d713c1d444f8c00fb6,I Don't Know Enough About You,Lee Peggy,C,4/4,28,7,A B A,34,2,0,0,0,1,1 2,false,3,0,0,0,0,0,0,0,0,0,4,
555,song-2d9267b8814d74493160249f4f1768a0a83773c85343cd068559417827f959e1,I Don't Want To Miss Mississippi,Ellis Serger,G,4/4,36,9,A B,30,2,0,0,0,1,1 2,false,7,0,0,0,0,0,0,2,0,0,4,
556,song-ac10c681bced0ec731af6530d0826ce70ca2647feec9ff4f54bba83ce10ecb73,I Fall In Love Too Easily,Styne Jule,Eb,4/4,16,4,,32,3,1,0,2,0,,false,0,0,0,0,0,0,1,0,0,0,4,
557,song-6ba985bc7dde3370ae738f637a72c3f25abf4d5c731fc3c176a4e999fabc146e,I Feel Pretty,Bernstein-Sondheim,C,3/4,45,12,A B,67,3,25,0,17,2,1 2,false,2,0,2,0,2,0,0,1,0,1,4,
558,song-a5131110710994e1968ba6a47e42bae79974ea690843398c24cb19810fa0621f,I Found A New Baby,Palmer-Williams,F,4/4,26,7,A B A,27,2,0,0,0,1,1 2,false,3,0,0,0,0,0,0,0,0,2,4,
559,song-551733f62ac0a76600936c5e8adabc334e17c09f1f25b3a45a1212927e6d3c94,I Get A Kick Out Of You,Porter Cole,Eb,4/4,34,9,A B,33,2,0,0,0,1,1 2,false,4,0,0,0,0,0,1,2,0,0,4,
560,song-ffa9eacc6a307d33409f0e188e8081a659318cb61dc64d6b55a92da6a79f9ae8,I Get Along Without You,Carmichael Hoagy,Bb,4/4,48,12,A B A,69,2,1,0,0,1,1 2,true,0,0,0,0,0,0,0,0,0,0,4,
561,song-d1ab9c5ec530f1c420c18f885d4c084c9e765ad6bbc63bd22aa9f990ef7f65ac,I Got It Bad,Ellington Duke,G,4/4,26,7,A B A,43,4,0,0,10,1,1 2,false,2,0,0,0,0,0,0,0,0,0,4,
562,song-68ae626337eff5127f9aeea53d7b5fc215462ddd39c473e5b23b3d4b8fafc996,I Got Rhythm,Gershwin George,Bb,4/4,29,8,A B A,44,2,5,0,0,1,1 2,false,4,0,0,0,2,0,0,1,0,1,4,
563,song-cc5278bddf6b1e8cdcf7144497c2874316c7ab45e07c33a62445844b36cbc095,I Got The Sun In The Morning,Berlin Irving,F,4/4,28,7,A B A,41,3,2,0,2,1,,false,4,0,0,0,0,0,0,0,0,0,4,
564,song-72e0cd9a9b8f6573a53762c3ec29a19a0bfbe0a9996c270aa93242d706f88fbe,I Gotta Right To Sing The Blues,Arlen Harold,Bb,4/4,32,8,A B,54,2,4,17,0,0,,false,1,0,0,0,0,0,1,0,0,0,4,
565,song-ac481a92bcd6f57f8b6ab8f556d8c968cfd031a18bcd1811e3a3ab60a959bc8a,I Guess I'll Hang My Tears Out To Dry,Styne Jule,C,4/4,32,9,A B A,64,4,2,4,16,1,1 2,false,2,0,0,0,2,0,0,0,0,1,4,
566,song-5a8975a334b89116db33747c75f9d8f798df57f0da1f64873d3d4c0baa096954,I Guess I'll Have To Change My Plan,Schwartz Arthur,C,4/4,20,5,A B C,37,2,0,0,0,0,,false,0,0,0,0,0,0,0,0,0,0,4,
567,song-938476be673cf45eb32bf0ca709c1d2baceaed02c039a36e581f293e97c24f5d,I Hadn't Anyone Till You,Noble Ray,F,4/4,32,8,A B A C,53,3,0,0,4,0,,false,3,0,0,0,0,0,0,0,0,0,4,
568,song-7761d31b7b05f2e11ec68ee6f96b6f47723a94222a3c06ef7a5c3d5bc49b577c,I Have Dreamed,Rodgers-Hammerstein,F,4/4,36,9,A B C D,44,2,9,0,0,0,,false,0,0,0,0,0,0,0,0,0,0,4,
569,song-e74fd0ceec4e0994f64e128363d74fa6745f7f8c6b598982a682dbf507e4c064,I Hear A Rhapsody,Fragos-Baker-Gasparre,Eb,4/4,26,7,A B A,42,2,0,7,0,1,1 2,false,0,0,0,0,0,0,1,0,0,0,4,
570,song-c8d3b97ce0a2697b88f4c373d2ccf4eb90657fdcaa79e219026bc6b32d06d092,I Hear Music,Lane Burton,F,4/4,26,7,A B A,29,2,0,0,0,1,,false,6,2,0,0,0,0,0,0,0,0,2,
571,song-19388e5907cf4b9ae54e5888141f28e5bf768292927da04cbb347b3f0ed4b39a,I Left My Heart In San Francisco,Cory George,C,4/4,32,8,A B A,44,3,1,0,2,0,,false,2,0,0,0,0,0,0,0,0,0,4,
572,song-f79cac1bab8c4561eb2bb2ab036b07cbccd3b9a090d20ccb05e0460d8f2add4a,I Let A Song Go Out Of My Heart,Ellington Duke,Eb,4/4,26,7,A B A,49,4,5,0,10,1,1 2,false,0,0,2,0,0,0,0,0,0,0,4,
573,song-9a99d5033a5882419c3be9172d004dc12de99a052712bcc1a55ae947c3b8d488,I Like The Likes Of You,Duke Vernon,Eb,4/4,26,7,A B A,40,2,0,0,0,1,1 2,false,3,0,0,0,0,0,0,0,0,0,4,
574,song-a95bf485d53939451bca5c523d2e438ffc72c9f06901914a7bfebd1bae81f9dc,I Love Being Here With You,"Bill Schluger, Peggy Lee",Bb,4/4,25,7,A B C,28,2,0,2,0,1,1 2,false,4,0,0,0,0,0,0,0,0,0,4,
575,song-f49b467c0631feb8953a6b266d95e754a7f45b100a5d6f9f1a1d8e9b0308890d,I Love Paris,Porter Cole,C-,4/4,32,8,A B,26,2,0,0,0,0,,false,8,0,2,0,0,0,0,0,0,0,4,
576,song-a44191cd4e96f03529481eb11573b9bfcd009eb40108ac4f98199e8964a0717c,I Love You,Porter Cole,F,4/4,32,8,A B,30,2,0,0,0,0,,false,5,0,0,0,0,0,0,0,0,0,4,
577,song-6cf6f5d78423e175720a4ef8470a257be5fda188d10900d151c25ad471080cac,I Loves You Porgy,Gershwin George,F,4/4,27,8,A B A,53,3,2,0,6,1,1 2,false,0,0,0,0,0,0,0,0,0,0,4,
578,song-2113b946905dfbf5354f0a1723a1579081ee56cded33ef0aab09ea88f94a1386,I May Be Wrong,Sullivan Henry,Eb,4/4,25,7,A B C,40,2,0,0,0,1,1 2,false,0,0,0,0,0,0,0,0,0,0,4,
579,song-8759c9218dbe0ceb52c3e6b437638a8a932ecbd8332a8ee667ab6de5be5bf2b8,I Mean You,Monk Thelonious,F,4/4,34,8,i A B A,20,1,0,0,0,1,,false,14,0,0,0,2,0,0,1,2,2,6,
580,song-47e5a9f3a0f9ce245a95054c65905be3a3eaf9eec6566ef0efc937bcba79fc1b,I Only Have Eyes For You,Warren Harry,C,4/4,31,8,A B C,36,2,1,0,0,1,1 2,false,1,0,0,0,0,0,1,0,0,0,4,
581,song-d2eb5f2aea49117fa877221b0d0c1b53f7d9bebc53af3ca806750297f58d7ec4,I Remember Clifford,Golson Benny,Eb,4/4,34,8,i A B A,68,4,5,0,10,1,1 2,true,0,0,0,0,0,0,0,0,0,1,4,
582,song-e087edf39eaa625b006d20d07bfba4f4befcfa20cab85d066d64f570ded58398,I Remember You,Schertzinger Victor,F,4/4,31,8,A B A,50,2,0,2,0,1,1 2,false,0,0,0,0,0,0,0,0,0,0,4,
583,song-b2647b6d0fadf2c2741eac6c8d4a987e4c12a65e4ec95afc68e4dccd5891e173,I See Your Face Before Me,Schwartz Arthur,Eb,4/4,32,8,A B A C,60,3,1,0,2,0,,false,0,0,0,0,0,0,0,0,0,0,4,
584,song-a627d644b7285e2eba90fabf8852e123510810ca615f0d17b253eac16711561b,I Should Care,Cahn-Stordahl-Weston,C,4/4,32,8,A B A C,48,2,0,3,0,0,,false,0,0,0,0,0,0,1,0,0,0,4,
585,song-50633c24c15c6ebe2f52dc9f588f3b3f928f33b0610aea5b294d2a463ba2e4f9,I Surrender Dear,Barris Harry,C,4/4,25,7,A B A,39,2,0,0,0,1,1 2,false,0,0,0,0,0,0,1,0,0,0,4,
586,song-6c046321eb2f4828c488b2e1ac4c109f52c4a31a266078a6e0b90f69fbd3ace3,I Think Of You,Elliot-Marcotte,Ab,4/4,30,8,A B A,37,2,8,0,0,1,1 2,false,2,0,0,0,0,0,0,0,0,0,2,
587,song-6195dac293eec01e8cb5d45f8bb513f1678351e41f642ef87bf53e1a61fcb320,I Thought About You,Van-Heusen Jimmy,F,4/4,32,8,A B A C,58,2,2,2,0,0,,false,0,0,0,0,0,0,0,0,0,0,4,
588,song-5926fe62d08aedc121423226aa601e71cf9797ac43e78a762c7e886c69c1bc61,I Used To Be Color Blind,Berlin Irving,Eb,,32,8,A B A C,49,3,5,0,2,0,,false,0,0,0,0,0,0,0,0,0,0,4,
589,song-284128e1b6d7dd432f3d42a8a13c81729acb836fe1dc117ee8ca9de4b9b69431,I Want To Be Happy,Youmans Vincent,C,4/4,26,7,A B A,33,2,0,0,0,1,1 2,false,1,0,0,0,0,0,0,0,0,0,4,
590,song-c5d362288d5b551ba896b2242be48ab48d01167c4d9f8d84c39be25758407e6f,I Want To Talk About You,Eckstine Billy,Eb,4/4,32,8,A A B A,56,4,2,0,8,0,,false,2,0,0,0,0,0,0,0,0,0,4,
591,song-359c7266c99fb4e0a3e78e40cc3528abe7eecd37b8712cbbbd82d8b916221dd4,I Was Doing All Right,Gershwin George,G,4/4,27,8,A B A,46,3,2,0,2,1,1 2,false,2,0,0,0,0,0,0,0,0,0,2,
592,song-10f43a911cbbe8c786ebc6cf368027579293269cbba8b5910acf62720085fcbc,I Will Wait For You,Legrand Michel,F,4/4,18,5,A,25,2,2,0,0,1,1 2,false,1,0,6,0,0,0,1,0,0,0,2,
593,song-18b5db1425b75474ccf769e4b5dc9e43226b9e80c257ad135b13ecbc9f5a4ad9,I Wish I Knew,Warren Harry,G,4/4,32,8,A B A C,37,2,1,0,0,0,,false,0,0,2,0,0,0,0,0,0,0,4,
594,song-64910eb7caf9f3700d597ce8b5b49d9b43864c0a6737543bec1f6067c2b6385d,I Wish I Knew How It Would Feel To Be Free,Taylor Billy,F,4/4,16,4,,28,2,3,0,0,0,,false,0,0,0,0,0,0,0,0,0,0,4,
595,song-6f7e1f4827e28ab768b8c6fb23d266aa80de69044b5025546124e125d1af0778,I Wish I Were In Love Again,Rodgers Richard,G,4/4,26,7,A B A,37,2,2,0,0,1,1 2,false,0,0,0,0,0,0,0,0,0,0,4,
596,song-4f0e21ee2a467a79e3520f72fda5dae6e6e365c63d5b86ed74ed2ce817fdbe04,I Wish You Love,Trenet Charles,Eb,4/4,38,10,v A B A,56,2,0,0,0,2,1 2 1 2,false,0,0,0,0,0,0,1,0,0,0,4,
597,song-bbfd6bfa213a21cb7191c8e374c9cf96195ee86ac470f5524176c97f7700234a,I Won't Dance,Kern Jerome,C,4/4,40,11,A B,45,2,0,0,0,1,1 2 3,true,3,2,0,0,0,0,0,1,0,1,4,
598,song-89c2e51f6dad739ba926ba624be629b06f95335b682caec7931af5b86e329233,I'll Be Around,Wilder Alec,C,4/4,26,7,A B A,53,3,8,0,6,1,1 2,false,0,0,0,0,0,0,0,0,0,0,4,
599,song-1fb03815dd1c7f0c11baa0e53ab76248a19a02b27c6f6c72cedbc13efe1ea8dd,I'll Be Seeing You,Fain Sammy,Eb,4/4,32,8,A B,37,2,0,8,0,0,,false,2,0,0,0,0,0,0,0,0,0,4,
600,song-f94ee587d2a4dcfac935e48da423fe9a58115e8f507734eb9b8302129e4f3236,I'll Close My Eyes,Reid-Kaye,F,4/4,24,6,A B C,25,2,0,0,0,1,1 2,true,3,0,0,0,0,0,0,0,0,0,4,
601,song-b38c1c84507455396c153486891f41893e17047eb1eb01afa97e3d6eeb3894e2,I'll Get By (As Long As I Have You),Ahlert-Turk,C,4/4,28,7,A B,41,2,3,0,0,0,,false,0,0,10,0,0,0,0,0,0,0,4,
602,song-a36f5fb11fdc42cbb71b72193571b29ab59b86ec1cd6a0c0fcd2782ceed4e59e,I'll Never Be The Same,Khan-Malneck-Signorelli,F,4/4,32,8,A B,52,2,0,0,0,0,,false,1,0,0,0,0,0,0,0,0,1,4,
603,song-83f6db0db360497a8652eec8158374cd3bfbb8fbf5da358309ce7829dc4b0cf6,I'll Never Smile Again,Lowe Ruth,Eb,4/4,32,8,A B A C,52,3,2,0,3,0,,false,0,0,3,0,0,0,1,0,0,0,4,
604,song-7a4d7cb5146d55027af72c9aaef153013f05da6405392acc01a3f0de4f63b477,I'll Only Miss Her When I Think Of Her,Cahn-VanHeusen,G,4/4,38,10,A B A C,49,2,7,0,0,0,,false,1,0,0,0,0,0,0,0,0,0,2,
605,song-a12303efb400608853287b6a47944228de726dd618b1872a60515f68d5954186,I'll Remember April,Raye-DePaul,G,4/4,32,8,A B,30,2,0,0,0,0,,false,3,0,0,0,0,0,0,2,0,0,4,
606,song-b12c29b9f8e31d79bf815f3509640f01b4c0597d169ed9f5d0dd359210c9f640,I'll See You In My Dreams,Jones-Kahn,F,4/4,24,6,A B C,17,2,0,0,0,1,1 2,true,9,0,0,0,0,0,0,0,0,0,4,
607,song-27c593f9e260d1044405ae4974a31db04be5c80bd0be545b43ba0036d9eed94e,I'll Take Romance,Oakland Ben,F,3/4,40,10,A B,39,2,1,0,0,1,1 2 3,false,2,0,0,0,0,0,0,1,0,0,4,
608,song-b965ae5e7d190e78c6ced62ee794a43791931926a15f8a24f8437cd2796236d3,I'm A Fool To Want You,Herron-Sinatra-Wolf,E-,4/4,34,9,A B A,44,2,0,0,0,1,1 2,false,2,0,0,0,0,0,0,0,0,0,4,
609,song-a49d4a70e8b388aaa64093883aeeb82517b28be18a9072a2b45badadb028407e,I'm All Smiles,Leonard-Martin,D,3/4,62,8,A B C,64,2,6,0,10,1,,false,3,0,0,0,0,0,0,0,0,2,6,
610,song-5c619e5d6a5f5541b35f9ea304fc0b1122e8dc16cc3f96f8db7d5fe7bedf6af4,I'm Always Chasing Rainbows,Carroll Harry,G,4/4,32,8,A B,35,3,1,0,2,0,,false,5,0,4,0,0,0,0,0,0,0,4,
611,song-a55c6bd5b1003e2f60b4ee5c4adf1c69a622a6686facb26cc2155c4b11355d95,I'm An Old Cowhand,Mercer Johnny,Eb,4/4,18,5,,22,2,0,0,0,0,,false,2,0,0,0,0,0,0,0,0,0,2,
612,song-8e1b9a79f3e32c6cefdeaac3eb6d8aac5e7f5791fd7c0680e049b3b04b9b6f4b,I'm Beginning To See The Light,Hodges-James-Ellington,C,4/4,24,6,A B A,37,3,0,0,4,1,,false,3,0,0,0,0,0,0,0,0,0,4,
613,song-5528b08f17312bad278fe45f5e91a1cf6e1a60a25a1a46e2947bd3e317fede60,I'm Confessin' (That I Love You),Daugherty-Neiberg-Reynolds,G,4/4,26,7,A B A,43,2,0,0,0,1,1 2,false,0,0,0,0,0,0,0,0,0,0,4,
614,song-639e4c505d0ce39a919c9864ef01a5a7f60dba9206209dc67375a71417c331d2,I'm Getting Sentimental Over You,Bassman George,F,4/4,30,8,A B A,38,2,0,0,0,1,1 2,false,0,0,0,0,0,0,0,0,0,0,4,
615,song-e6d442d48ff997d96c9754293440b822a6f89f1afa3c15cbe6e4d93b48f45a1c,I'm Glad There Is You,Dorsey Jimmy,F,4/4,36,9,A B C A,42,3,0,5,2,0,,false,4,0,0,0,0,0,0,0,0,0,4,
616,song-af277519730eac3ce634fe7c8c5313a8e3ff592b3908e76fa9a6918b516a4f44,I'm Gonna Laugh You Right Out Of My Life,Coleman Cy,F,4/4,40,10,A A B A D,60,2,2,0,0,0,,false,0,0,0,0,0,0,0,0,0,0,4,
617,song-2aed56578ef77b75dcf3914e5e6c0de16eea808f34b3cbad102e38bd9a3be4c2,I'm Gonna Sit Right Down and Write Myself A Letter,Ahlert Fred,G,4/4,28,7,i A B C,27,2,0,0,0,1,1 2,true,4,0,2,0,0,0,0,0,0,0,4,
618,song-39abb1e9043c02fcd92a510a2e8c32d892325a5338bf6b6a7c4ce3a4d2b893f8,I'm In The Mood For Love,McHugh Jimmy,C,4/4,25,7,A B A,42,2,0,0,0,1,1 2,false,0,0,0,0,0,0,0,0,0,0,4,
619,song-7ac2f64ce638541a583846bf289d3dd8a7f44db55dfc9b9e1a2ec9eb20334d1a,I'm Just A Lucky So-And-So,Ellington Duke,G,4/4,26,7,A B A,39,2,0,0,0,1,1 2,false,0,0,0,0,0,0,0,0,0,0,4,
620,song-1f5210af22c311292332167ebd1ffa4edd996421102644ffa9e1abf8e8133c17,I'm Old Fashioned,Kern Jerome,F,4/4,36,9,A B C,59,2,1,0,0,0,,false,1,0,0,0,0,0,0,0,0,0,4,
621,song-56184fc34404c8e1d173bc8e40da7bd09e67524ae30164444cfb1d82db7bc06f,I'm Putting All My Eggs In One Basket,Berlin Irving,C,4/4,26,7,A B A,34,2,0,0,0,1,1 2,false,5,0,0,0,0,0,0,0,0,0,4,
622,song-df60f4a7f551561d94a6dfb8665daf40a51d365f2613a96b34728e1b4448d94e,I'm Sitting On Top Of The World,Louis-Henderson-Young,F,4/4,26,7,A B A,40,2,0,0,0,1,1 2,false,0,0,2,0,0,0,0,0,0,0,4,
623,song-64525ba340369cb8be1a5c4e11fe81b24bb7065d479d61b689d17536e17db22a,I'm Through With Love,Kahn-Malneck-Livingston,F,4/4,25,7,A B A,51,4,0,0,4,1,1 2,false,0,0,0,0,0,0,0,0,0,2,4,
624,song-2596bff0ee984dda82657c4a601b4ae160cd803e75a5185bd89ee1eb0d63f4ff,I've Found A New Baby,Palmer-Williams,Eb,4/4,26,7,A B A,26,2,0,0,0,1,1 2,false,4,0,0,0,0,0,1,0,0,0,4,
625,song-5d39c422062fb26484f5ca6d6c39542006e0889d490caa79b14bab755db090c8,I've Got A Crush On You,Gershwin George,Bb,4/4,18,5,A B,32,3,1,0,2,0,,false,1,0,0,0,0,0,0,0,0,0,2,
626,song-624f3da661fb88b007e134120f62b9491598c5fb74b5a5d98ea474f5d553fc3f,I've Got My Love To Keep Me Warm,Berlin Irving,Eb,4/4,42,11,A B A,55,2,2,0,0,1,1 2,false,0,0,0,0,0,0,0,0,0,0,4,
627,song-be1e2a604c881892360ca3c3f7a7784060786450edfb4dbf86f7e5816596ce62,I've Got The World On A String,Arlen Harold,F,4/4,26,7,A B A,42,3,0,0,4,1,1 2,false,3,0,0,0,0,0,0,0,0,0,4,
628,song-4453e3541547536ab7b2d65ee1c07d09e292482d22f249aea2f3d523c9cfa0dd,I've Got You Under My Skin,Porter Cole,Eb,4/4,56,7,A B C D,55,2,0,7,8,0,,false,4,0,0,0,0,0,0,0,0,0,8,
629,song-1191e932ad2a1030cc1e093df0dfea73439cd6892d6a15cb326b2a42c08fc10f,I've Grown Accustomed To Her Face,Loewe Frederick,Eb,4/4,20,5,A B,36,2,1,0,0,0,,false,0,0,0,0,0,0,0,0,0,0,4,
630,song-999a8449098c81e1168fda5532ac81bf2f9dd051bf38ea8a35cfea235e3e2f08,I've Heard That Song Before,Styne Jule,C,4/4,32,8,A B A C,41,2,2,0,0,0,,false,3,0,0,0,0,0,0,0,0,0,4,
631,song-dda1357586e4d1c1b67401598c11902cf3ce5313e29d65e04f3a939023b38956,I've Never Been In Love Before,Loesser Frank,Bb,4/4,26,7,A B A,43,2,1,0,0,1,1 2,false,0,0,0,0,0,0,0,0,0,0,4,
632,song-2c8bd8a9b9a0bfae9bd3dee5aca05c8e88e7d1eba708410dba04d8849ae4a992,I've Told Eve'ry Little Star,Kern Jerome,F,4/4,26,7,A B A,46,2,0,0,0,1,1 2,false,0,0,0,0,0,0,0,0,0,0,4,
633,song-80a3867a3fd0d425704bf070dead549e8dd72fd2f86ef65c6e134b24498fc71a,Idle Moments,Green Grant,C-,4/4,20,5,i A,31,2,0,0,0,0,,false,0,0,0,0,0,0,0,0,0,1,4,
634,song-2bbf868e1fa06dc04e992c86630dab1582a7717896cf712733bac8fb890bf4ca,If Ever I Would Leave You,Loewe Frederick,Bb,4/4,44,11,A B A,54,2,0,2,0,1,1 2,false,2,0,0,0,0,0,0,0,0,0,4,
635,song-a09be426c347785961c399444b212e593071f433b1440fd9718cf61b23d2a5a0,If I Could Be With You,Johnson James,Eb,4/4,28,7,v A B,44,4,1,0,4,0,,false,0,0,2,0,0,0,0,0,0,1,4,
636,song-7ee93535ad556d52812aea3522cffacfacbcc0d9c43d87d948fb5386323c21fb,If I Didn't Care,Lawrence Jack,Bb,4/4,32,8,A B A B,36,2,0,0,0,0,,false,6,0,0,0,0,0,0,0,0,0,4,
637,song-20b9d3c86a2243787620ad8e703c5f4b38ae48174fdd58ecafbc28b87f6c694f,If I Had You,Campbell-Connelly-Shapiro,Bb,4/4,26,7,A B A,41,2,0,0,0,1,1 2,false,0,0,0,0,0,0,0,0,0,0,4,
638,song-36f8385336a9bb054d1821c16f23507e958ee643c2002011b4e23994c2e15ec3,If I Knew Then (What I Know Now),Jurgens-Howard,Eb,4/4,32,8,A B,33,2,0,0,0,0,,false,1,0,0,0,0,0,1,0,0,0,4,
639,song-4a9ed235dcc551201ffc800ee57f5c5d7afcf8765606bbd468fbeed2f851ecae,If I Loved You,Rodgers Richard,C,4/4,30,8,A B C,37,2,1,0,0,1,1 2,false,0,0,0,0,0,0,0,0,0,0,4,
640,song-ec992d821f495c8af513c6538b7df13320acb5537aafb31a685e76c292d9c81a,If I Ruled The World,Bricusse Leslie,Eb,4/4,50,12,A B,48,2,1,0,0,1,,false,8,0,0,0,2,0,0,1,0,1,4,
641,song-426c5345f79c60aa7c1ddf4f819475e10f7766921b08f498b8031efcc412135a,If I Should Lose You,Rainger Ralph,Bb,4/4,32,8,A B A C,39,2,0,2,0,0,,false,2,0,0,0,0,0,1,0,0,0,4,
642,song-67ecf8e384d3932aa1ed8dbc9cb9d4ffea8ac7ac24f50a363c93f5f1072c9f24,If I Were A Bell,Loesser Frank,F,4/4,32,8,A B A C,41,2,4,0,0,0,,false,2,0,0,0,0,0,1,0,0,0,4,
643,song-125489304d534151b7f3db1fba6093ff43b6d71192189b21b56392f0b8c6bb17,If There Is Someone Lovelier,Dietz-Schwartz,C,4/4,28,7,A B C,45,2,0,0,0,0,,false,1,0,0,0,0,0,0,0,0,0,4,
644,song-c8841c059ece3eb7567aa8b9c8f7a8bc5bcc1a021c9b9a78511a8ea48eff7335,If You Could See Me Now,Dameron Tadd,Eb,4/4,26,7,A B A,47,3,0,0,6,1,1 2,false,0,0,0,0,0,0,0,0,0,0,4,
645,song-400a09cec0c799d9106e8c4d233acc748d720a05151152e5786388495756a5d9,If You Ever Should Leave,Cahn-Chaplin,C,4/4,24,6,,13,1,0,3,0,0,,false,11,0,0,0,0,0,0,0,0,0,4,
646,song-27bcbe0611cf11e03358ddb8d64eda15ff2e9eafb26d76e65d4df504f8f70ad8,If You Never Come To Me (Inutil Paisagem),Jobim Antonio-Carlos,C,4/4,16,4,,17,2,0,0,0,0,,false,1,0,0,0,0,0,0,0,0,0,4,
647,song-81c1f72e11367e449f072f8cb108d71d6884ced23378c477939c36c7a18e0119,Ill Wind,Arlen Harold,Bb,,32,8,A B A,57,2,3,0,0,1,1 2,false,0,0,0,0,0,0,0,0,0,0,4,
648,song-2c3e6b8c1e1e935f53fcfde2b799c94a77ce0ec6f41e193032ddd762c8c7b7bb,Imagination,Van-Heusen Jimmy,Eb,4/4,30,8,A B A,52,2,1,0,0,1,1 2,false,0,0,0,0,0,0,0,0,0,0,4,
649,song-94aa4de141003521e6f4c5a684bd2edbec7930c852095eab114db98d385b2149,Impressions,Coltrane John,D-,4/4,32,8,A A B A,8,1,0,0,0,0,,false,24,0,0,0,0,0,0,0,0,0,4,
650,song-38caaad16cf250442bfb1965d70622fdaef13693fff6507f823affebd53007d0,In A Little Spanish Town,Wayne-Lewis-Young,G,4/4,32,8,A B,29,2,0,0,0,0,,false,6,0,0,0,0,0,0,0,0,0,4,
651,song-7270b9cbc6858117742cc7dc8809f025137d43a4fa1adac1c4566a1363ada278,In A Mellow Tone (In A Mellotone),Ellington Duke,Ab,4/4,32,8,A B A C,27,1,1,0,0,0,,false,5,0,0,0,0,0,1,0,0,0,4,
652,song-e9b1f672c653554196a97ea93279df4f47651a640dd98dab8c475d50daa54b0d,In a Sentimental Mood,Ellington Duke,D-,4/4,25,7,A B A,49,3,0,0,10,1,1 2,false,0,0,0,0,0,0,0,0,0,0,4,
653,song-f8b887928f6b88501c9ae4fa2dc73faa338dd3f5c5ed6494ed7df56229a9450a,In A Shanty In Old Shanty Town,Little-Siras,F,3/4,32,8,A B A C,28,2,0,0,0,0,,false,6,0,0,0,0,0,0,0,0,0,4,
654,song-c5e14c155acda6a589f5a92429c8a469b9f6c4df58c26b43e472165b8e0a5302,In A Silent Way,Zawinul Josef,C#-,4/4,32,8,,38,2,13,0,2,0,,false,2,0,8,0,0,0,0,0,0,0,4,
655,song-4d8b98b894b8f5a1902c5c5393cbd4f72edf0dfe61215571b3c3d0e56203f49b,In Her Family,Metheny Pat,E,4/4,31,8,A B,36,2,9,0,0,1,,false,3,0,0,0,2,0,0,1,0,2,3,
656,song-a762ef346c8b17561e442b95d91a7690aed9ec3cd78c3068b480b5c909242346,In Love In Vain,Leo Robin Jerome Kern,Bb,4/4,32,8,A B A C,47,2,0,0,0,0,,false,1,0,0,0,0,0,0,0,0,0,4,
657,song-b407ac6900e1535bdd03a943c5a8ab77f61e89c0d3e9560532871f9287d85b3d,In Pursuit Of The 27th Man,Silver Horace,C,,28,7,i A B A,12,1,0,0,0,2,,false,6,5,0,0,0,0,0,0,0,0,4,
658,song-e5739bcc2f15d360f8f4d92abc6085c56b2cb7bb4dc7658de6fe84bbfff2a3e4,"In The Cool, Cool, Cool Of The Evening",Carmichael Hoagy,F,4/4,32,8,A B,33,2,0,0,0,0,,false,7,0,0,0,0,0,0,0,0,0,4,
659,song-75a6830063bc6a9bff0e21e52309efd989b6227deedae2ff412b65567622c052,In The Middle Of A Kiss,Coslow Sam,C,4/4,32,8,A B A C,56,2,0,0,0,0,,false,0,0,0,0,0,0,1,0,0,0,4,
660,song-46de125ced097ab5da6e5094fdd26eb0bd630fb76391094c9758ebfc7cd15088,In The Still Of The Night,Porter Cole,F,4/4,72,9,A B C C,49,1,1,0,0,0,,false,23,0,0,0,0,0,0,0,0,0,8,
661,song-a915938e1c0666e0799733deaa03f5d8c215f8bd420c3c88d3113d50cbdca6e2,In The Wee Small Hours Of The Morning,Mann-Hilliard,C,4/4,18,5,A B,35,4,0,0,4,0,,false,0,0,0,0,0,0,0,0,0,0,2,
662,song-715ac71f086ad53b7a03619d3a2571c10f15e9c3057d48254c2f9b78414bb909,In Walked Bud,Monk Thelonious,Ab,4/4,25,7,A B A,29,2,0,0,0,1,1 2,false,4,0,0,0,0,0,1,0,0,0,4,
663,song-60b3ea88c9dbc2d1d6ca2748ad53f08c820fd6d301ad3e9493f67358f9fad052,In Your Own Sweet Way,Brubeck Dave,Eb,4/4,32,8,A B A C,45,2,0,2,0,1,,false,6,0,0,0,0,0,0,0,0,0,4,
664,song-f84a9d00822eaced6d2f938d856117ab9acd5e76f38e3d430de4f93606737c24,Incentive,Silver Horace,Ab,4/4,21,6,,29,2,1,0,0,1,1 2,true,0,0,0,0,0,0,0,0,0,0,4,
665,song-6c5e21411c3b142d571e074d1a5a267424543a0d5ed7267d63833aab77b47882,"Inch Worm, The",Loesser Frank,F,3/4,20,5,A B,22,2,0,0,6,1,,false,0,2,6,0,0,0,1,4,0,1,4,
666,song-d9e9af52398ef48a16feb24965eaa7a31ed21990243dc4582ed0b21946185c94,Indian Summer,Victor-Aldubin-Herbert ,G,4/4,32,8,A B A C,40,2,0,0,0,0,,false,2,0,0,0,0,0,0,0,0,0,4,
667,song-192248cbc91787429070b775afb47a714bf61006e1d801ae40b0ac2f297c46d2,Indiana (Back Home Again In),Hanley James,F,4/4,32,8,A B,40,2,1,0,0,0,,false,3,0,0,0,0,0,0,0,0,0,4,
668,song-d1ddc95304c39373b78ee3ba3b56fc7215f9afffdb084aa200ef42dc6b207c6b,Infant Eyes,Shorter Wayne,Eb,4/4,27,7,A B A,26,1,1,0,0,0,,false,1,0,0,0,0,0,0,0,0,0,3,
669,song-a68acf6599a8c6889cbc7c4d5dcfad5e4bc899dd2f51c8376de5960226e2fdab,Inner Urge,Henderson Joe,G,4/4,24,6,A,12,1,0,0,0,0,,false,12,0,0,0,0,0,0,0,0,0,4,
670,song-d122450b178e337a14c41d226cc1ae1669a070042f237cec84798b51ab5efa36,Interplay,Evans Bill,F-,4/4,12,3,,9,2,0,0,0,0,,false,4,0,2,0,0,0,0,0,0,0,4,
671,song-4584e35096da70e2fdb269fe7f9f45d952abc625d2d932f16d570a722b84f567,"Intrepid Fox, The",Hubbard Freddie,C-,4/4,54,12,A B,33,3,0,0,1,2,,false,31,0,0,0,2,0,1,4,0,1,6,
672,song-8ddde5e238cf6f15c8808917a1fcb2a583c6dd391ba82bd702c13e14a40b3403,Invitation,Kaper Bronislau,C-,4/4,38,10,A B,27,2,0,0,0,0,,false,14,0,0,0,2,0,1,1,0,0,4,
673,song-001c1286190f534890dd82670cd78f081dde3bb0cfc517e3d511f3622b79cee9,Iris,Shorter Wayne,F-,3/4,16,4,,12,1,0,0,0,0,,false,4,0,0,0,0,0,0,0,0,0,4,
674,song-36cba45c1292cc6e44747955f6e39c1588d3d18855120d9e3fce560a29c839d1,Irresistable You,DePaul Gene,F,4/4,24,6,A B C,30,2,0,0,0,1,1 2,true,1,0,0,0,0,0,0,0,0,0,4,
675,song-6b45be31674f4d23c47e92098e41835b3953806d676193d0d2095ab38d4aa151,Is That So?,Pearson Duke,C,4/4,32,9,i A,47,2,0,0,0,0,,false,0,0,0,0,2,2,1,0,0,1,1,
676,song-e6ce8d4b9d32367a3644941c7f1ec671a427b1c3c81f8b7289aabe055488c133,Is You Is Or Is You Ain't (Ma' Baby),Austin-Jordan,Ab,4/4,44,11,A B C B,62,3,6,0,2,1,,false,1,0,0,0,0,0,0,0,0,0,4,
677,song-2ca49d6eb4759f452a64a89e779bbc77e0275f31ec500906210c45e089fa4aff,Isfahan,Strayhorn-Ellington,Db,4/4,32,8,A B A C,36,2,0,0,0,0,,false,4,0,0,0,0,0,0,0,0,0,4,
678,song-70fc413ce7df678ecb480afeca83f8ed8fa0324557b84ee3900a95fe8da948d2,Island Birdie,Tyner McCoy,Eb,4/4,18,5,A B,29,2,0,0,1,2,,false,1,0,0,0,0,0,0,1,0,0,2,
679,song-112165287a9910f34b77e3d047bd1208677561c0cbf4046e32ea599021205d26,Isn't It A Pity,Gershwin George,C,4/4,26,7,A B A,54,4,0,0,12,1,1 2,false,0,0,0,0,0,0,0,0,0,0,4,
680,song-7cb330875f1e5075a643d6a0a941400ca6439991de4aba4d9ad5dd7d50130ab0,Isn't It Romantic?,Rodgers Richard,Eb,4/4,32,8,A B A C,61,3,7,0,2,0,,false,0,0,0,0,0,0,0,0,0,0,4,
681,song-d628c120cd5634b7720f461fb8021dba14997bc6fe886c94e659249fcc745adf,Isn't This A Lovely Day (To Be Caught In The Rain),Berlin Irving,Bb,,32,8,A B A C,43,2,0,0,0,0,,false,2,0,0,0,0,0,0,0,0,0,4,
682,song-72a6191856c658aaad7b6f3394e52891acd8106f53877cbfdd5a4bc218e99309,Isotope,Henderson Joe,C,4/4,24,6,i A,28,2,0,0,0,1,,false,4,0,0,0,0,0,0,1,0,1,4,
683,song-f207b9481ab5fe0d63fa51801a92e571f8bbd53bdd6e782653dddb7022d3e02a,Israel,Carisi John,D-,4/4,12,3,,17,2,0,6,0,0,,false,0,0,0,0,0,0,0,1,0,0,4,
684,song-33fade8ac0c08c68764ca4c66c210586a654815212ad94e1dda0e2b84c805cbf,It Ain't Necessarily So,Gershwin George,G-,4/4,24,6,A B A,27,2,0,0,0,1,,false,8,0,0,0,0,0,0,0,0,0,4,
685,song-13e066785312a46172e6fe6895e6a7094b13ff3393cfc48e637d7f1eec08914f,It Could Happen To You,Van-Heusen Jimmy,Eb,4/4,32,8,A B A C,37,2,0,14,0,0,,false,0,0,0,0,0,0,0,0,0,0,4,
686,song-28c86b3a54d2e666bf2cab3eec525dbb910eae456199c3ecd334b57b710f8ec8,It Don't Mean A Thing,Ellington Duke,Bb,4/4,28,7,A B A,31,2,7,6,0,1,1 2,false,3,0,0,0,0,0,0,0,0,0,4,
687,song-f2f8ac7ec31a7e31cc5c0709612003976f440c84773bc82d6a8a03030287396e,It Had To Be You,Jones Isham,G,4/4,32,8,A B A C,57,3,2,0,2,0,,false,0,0,0,0,0,0,0,0,0,0,4,
688,song-ad715ecb61cbe9144b421d5a0db1c416dee267013c461058a9408784a89f0306,It Might As Well Be Spring,Rodgers Richard,G,4/4,52,10,A B,58,2,3,0,2,1,1 2 3,true,3,0,0,0,0,0,0,1,0,0,8,
689,song-c14cd4c19c25815b7af7a750a45b1a1a731b828eaf72ad32c8973e10c4981548,It Never Entered My Mind,Rodgers Richard,F,4/4,28,8,A B A,56,3,2,12,4,1,1 2,false,0,0,0,0,0,0,0,0,0,0,2,
690,song-81162a6c8004403b7f889c5f433c3a329fa37d14455656ed034906f56aebb762,It Only Happens When I Dance With You,Berlin Irving,C,4/4,26,7,A,27,2,0,0,0,1,1 2,true,1,0,0,0,0,0,0,0,0,0,4,
691,song-84ee6517b0492af4b205f0c8cfef080319ed80bcd8d3cf36c5d5fabd6391f9e3,It Was So Good While It Lasted,Poll-Ackers,C,4/4,26,7,A B A,49,2,4,0,0,1,1 2,false,0,0,0,0,0,0,0,0,0,0,4,
692,song-b3ef7970d42d8dae71bb1d4e6a509ef710ebb91ea04056021a177fbaf11a234a,It's A Big Wide Wonderful World,Rox John,Ab,3/4,48,6,A B A,28,1,0,0,0,1,,false,20,0,0,0,0,0,1,0,0,0,8,
693,song-b799d6e4713c95d0bcaa8c6b7a112ff625a6ca649b9d18b4724ac967ec6f3902,It's A Blue World,Wright-Forrest,F,4/4,32,8,A B A C,35,2,0,0,0,0,,false,4,0,8,0,0,0,1,0,0,0,4,
694,song-cedda11d11ca263333fe10b467800d0ab8d9f7e950746c7cff27d68c6ce5401a,It's A Dance,Petrucciani Michel,C,3/4,50,7,A B C,53,2,3,0,8,0,,false,1,0,0,0,2,0,0,0,0,1,4,
695,song-761eb8e715c77cb684f692bbb48cd861411c46ad5d35cc2c5feef832e23d25ae,It's A Good Day,Lee Peggy,C,4/4,48,12,A B A,28,1,1,0,0,1,,false,20,0,0,0,0,0,0,0,0,0,4,
696,song-d5ccac349d86934b01247e41a2d7d4d96deb77e612df9f49c96b6c495a8e9ac8,It's A Lovely Day Today,Berlin Irving,Bb,4/4,22,6,A B,33,3,2,0,2,1,1 2,true,0,1,0,0,0,0,0,0,0,0,4,
697,song-7e0ad4c808be48e6332fdeec8392bb95b8c6c5ea2b863eb4ba609932893eff8e,It's A Raggy Waltz,Brubeck Dave,G,3/4,32,8,A B A,43,3,1,0,6,0,,false,2,0,9,0,0,0,0,0,0,0,4,
698,song-0df97331cff28103aad281dcfb9053fb64b2216a4379c28b5b3cfa24179abff1,It's All Right With Me,Porter Cole,C-,4/4,48,10,A B,35,1,5,10,0,1,1 2 3,true,13,0,0,0,0,0,0,1,0,3,4,
699,song-a0234cb0c125c6c9d151ec24e507edf5b8b9899c5a15002e9c920a7276327eca,It's Been A Long Long Time,Styne Jule,F,4/4,16,4,A B A,29,3,0,0,2,0,,false,0,0,0,0,0,0,0,0,0,0,4,
700,song-02dbeaaecaf9d2400fff33a2452502b92be010df55f5e400d4140ef086861cbc,It's De-lovely,Porter Cole,F,4/4,36,9,A B A,47,3,0,0,4,0,,false,1,0,0,0,0,0,0,0,0,0,4,
701,song-a0512a6eadee58de7d0a60792aef3ffedd5cc147648b169ac8c5be3bdddf56f4,It's Easy To Remember,Rodgers Richard,Eb,4/4,25,7,A B A,45,4,0,0,8,1,1 2,false,0,0,0,0,0,0,0,0,0,0,4,
702,song-04243463ec53dc689642f10bea4fe33b26c14fe7a8c3ed25a2b7a0f675d1b131,It's Impossible,Manzanero Armando,G,4/4,24,6,,29,2,0,0,0,1,1 2,true,0,0,0,0,0,0,0,0,0,0,4,
703,song-d5e6e747144a7b678ea0599c0fd3cc023d4eb9363530ab6bf3c1530810a50de7,It's Just Talk,Metheny Pat,C#-,4/4,38,10,i A B,31,3,9,0,2,2,1 2,false,12,0,0,1,0,0,0,2,0,0,4,
704,song-1c4cfcc2957e23158430ab5fb97e7034f81be6da3cbe7fbca9bea40762824a59,It's Magic,Styne Jule,Bb,4/4,32,8,A B C D,52,2,2,0,0,0,,false,0,0,0,0,0,0,0,0,0,0,4,
705,song-333500f280d9b49ff8199f591a891ac6d3f8d2cf29c2a96b7f925499bf3a394a,It's Only a Paper Moon,Arlen Harold,G,4/4,25,7,A B A,51,3,2,0,8,1,1 2,false,0,0,0,0,0,0,0,0,0,0,4,
706,song-637bc10e3fefc38d7241131ec40f00e78edc1bb22538a67abcca52d026cea8fa,It's The Talk Of The Town,Livingston Jerry,F,4/4,26,7,A B A,48,2,0,0,0,1,1 2,false,0,0,0,0,0,0,0,0,0,0,4,
707,song-1fcdab59b7b66d4ff5445c389a2745ef6a0d270d279bda9aeefc5bc14bf90815,It's You Or No One,Styne Jule,F,4/4,32,8,A B A C,40,2,0,5,0,0,,false,2,0,0,0,0,0,1,0,0,0,4,
708,song-af73176c74c14dbd3ac13e3f435eded26a3d54d466c1ee6d386b5b1579129b66,Jackie-ing,Monk Thelonious,Bb,4/4,16,4,,10,2,2,2,0,0,,false,4,2,0,0,0,0,0,0,0,0,4,
709,song-dfaa1e58d2ebd8d5a888fed3fa5e52ff4bafed6261d9e2b0b86e3c7b0f5ab99c,Jaco,Metheny Pat,C-,4/4,22,6,i A B,27,2,1,5,0,2,,false,4,0,0,0,2,0,0,2,0,2,2,
710,song-67d6f25bdc754d58a87799a6a0a04017df584812d344fbf2ff35b072c2489870,James,Metheny Pat,D,4/4,44,11,i A B A,88,3,23,0,15,2,1 2,false,0,0,0,0,2,0,0,0,0,0,6,
711,song-830f78e3029fbbafe7e91751687e48dee73d07f3e62518733533c86df2c1125f,Jazz Folk,Abercrombie John,C,4/4,32,8,A B,37,2,2,0,0,1,1 2 3,false,0,1,0,0,0,0,0,1,0,1,4,
712,song-84e029e9dce05d2bee8f6100cafa7f6a7e59d7892103a4573e760ccbbe0b755b,Je Ne Sais Pas,Hampton-Jones,F,4/4,24,6,A B A,42,3,0,0,4,1,,false,0,0,0,0,0,0,0,0,0,0,4,
713,song-5129f617a214b9448590f66afa594041769e97a401aa54895e20dc94664d40d4,Jeannie's Song,Ivery Marchel,F,4/4,24,6,A B C,24,2,0,0,0,1,1 2,true,1,0,0,0,0,0,0,0,0,0,4,
714,song-bf9745030e2368154919ae25d864fbd90267c5fd8734bef79ebcd8321a276617,Jeannine,Pearson Duke,Ab,4/4,42,9,A B A,29,2,0,0,0,1,1 2,false,15,0,0,0,0,0,0,2,0,0,4,
715,song-361f74fd90bb043c9f46468023ee026f7b2bbce6b1e037bedc6246ede8dd379d,Jeepers Creepers,Warren Harry,Bb,4/4,26,7,A B A,49,2,0,0,0,1,,false,0,0,0,0,0,0,0,0,0,0,2,
716,song-85716327bb6287a147c2b11892f9e5f1d7d8aa082df89f4e58bd232a803f13b4,Jersey Bounce,Plater-Bradshaw-Johnson,F,4/4,26,7,A B A,23,2,0,0,0,1,1 2,false,7,0,0,0,0,0,0,0,0,0,4,
717,song-1904e4e23748b93f3844acbacb33c5b5fc737442c04d27ff6cd95684a00ac87c,Jinrikisha,Henderson Joe,Ab,4/4,26,7,,23,2,0,0,0,1,1 2,true,5,0,0,0,0,0,0,0,0,0,4,
718,song-11f9de39065b3072d68ebc878808cda1983637afb93fbfcc47fddf13658a25a7,Jitterbug Waltz,Waller Fats,Eb,3/4,36,9,A B,20,1,0,0,0,1,1 2,false,16,0,0,0,0,0,0,0,0,0,4,
719,song-11a5221c64a423e2ec687085965996f82576eb0f07c1536fbd1e9f8bb8c01b60,"Jody Grind, The",Silver Horace,Bb-,4/4,12,3,,6,1,0,0,0,0,,false,6,0,0,0,0,0,0,0,0,0,4,
720,song-b81193e533c6a289fd5392fa4886a969d2ebe5d4a18427625a78f71b5b8dfe1b,Johnny Come Lately,Strayhorn Billy,G-,4/4,26,7,A B A,34,2,0,0,0,1,1 2,false,1,2,0,0,0,0,0,0,0,0,4,
721,song-8aa3184c2b8649035834813ca64ff6fa98dddc92e731b3fbe0218a7a2dc8736f,"Joker, The",Morgan Lee,Eb,4/4,26,7,A B A,41,2,0,0,0,1,1 2,false,1,0,0,0,0,0,0,0,0,0,4,
722,song-789e1438fea41d1cb9e16b04c5ee574ad7ebbbbd84460f4652877e7e8412cc69,Jordu,Jordan Duke,C-,4/4,24,6,A B A,34,2,0,0,0,1,,false,2,0,0,0,0,0,0,0,0,0,4,
723,song-e7e0ea3bb67a074a3611179d21682cd034c04f110b927b105ee25dcfa6c10d3a,Joshua,Feldman Victor,D-,4/4,34,9,A B A,29,2,0,0,0,2,1 2,false,14,0,0,0,0,0,0,1,2,0,4,
724,song-54d9917b34f8e08f55649bc98434ad7b08f0c2d1e3894ce6aab3be5f7cbb33ae,Joy Spring,Brown Clifford,F,4/4,32,8,A B C A,51,2,0,0,0,0,,false,0,0,0,0,0,0,0,0,0,0,4,
725,song-35bf180ef64d04b1fe25aa6a44e72eee11dec7f658ed3d14bc0ccaccbb2ba948,Juju,Shorter Wayne,B,3/4,24,6,,10,1,0,0,0,0,,false,14,0,0,0,0,0,0,0,0,0,4,
726,song-5aac8af033d941d524cb68d449c8043d00f0ce24d8f262c15b857fbbf108a160,Jumpin With Symphony Sid,Young Lester,Bb,4/4,12,3,,6,1,0,0,0,0,,false,6,0,0,0,0,0,0,0,0,0,4,
727,song-8f346c9ed2235ecc4bc103a34634c846e8dba57d7dee060ea8cd492ba94591f8,Just A Gigolo,Casucci Leonello,F,4/4,16,4,,22,2,0,0,0,0,,false,0,0,0,0,0,0,0,0,0,0,4,
728,song-81cb7c10e61c74f3c58dc42d65989901e7f0f6942d3b68928ef76a36d516e25a,Just A-Sittin' And A-Rockin,Ellington-Strayhorn-Gaines,Ab,4/4,24,6,A B A,56,4,8,0,16,1,,false,0,0,0,0,0,0,0,0,0,0,4,
729,song-46f4da50d25b81516b21388c5cda60328a75d9c74a7114f0937969870e9a16e1,Just Friends,Klenner John,G,4/4,32,8,A B A C,32,2,0,0,0,0,,false,5,0,0,0,0,0,1,0,0,0,4,
730,song-47945aab5eaa34fa8fdd5df0fbb3475acf49851fa7eb57a6cf507e7bb5e0160a,Just In Time,Styne Jule,Bb,4/4,32,8,A B,29,2,2,0,0,0,,false,7,0,0,0,0,0,0,0,0,0,4,
731,song-446475171c2c9cef347e180502a0b1b24535cc4e3a914b0f097850ebbfcde24f,Just In Tune,Abercrombie John,C,4/4,24,6,A B C,20,2,4,0,0,1,1 2,true,5,0,0,0,0,0,0,0,0,0,4,
732,song-db26959d5ace54a8211afb14cf127039d6b23e0f4d04a4927680e5b7e54af337,Just One More Chance,Johnston-Coslow,G,4/4,26,7,A B A,35,3,0,0,4,1,1 2,false,6,0,0,0,0,0,0,0,0,0,4,
733,song-dc0f5cb29e42fda3a4d29cfd0e8832a38d6f7ea7141d284129fd1aa6daa7c26c,Just One Of Those Things,Porter Cole,F,4/4,40,10,A B,39,2,1,0,0,1,1 2 3,false,5,0,0,0,0,0,1,1,0,0,4,
734,song-22b9e760113d37e8e8dd70e069096ed499b9e31d8b5b27c44a112ab0989f28be,Just Squeeze Me,Ellington Duke,F,4/4,26,7,A B A,34,2,0,0,0,1,1 2,false,4,0,0,0,0,0,0,0,0,0,4,
735,song-5f1f0b57034a3217453ea8c01ba2fde3d3f3700e7a4c17470cdf34e4d2ffc8d3,"Just You, Just Me",Greer Jesse,C,4/4,25,7,A B A,34,2,2,0,0,1,1 2,false,0,0,0,0,0,0,0,0,0,0,4,
736,song-69da7ce5ac1a826706f0ee1c79def2b3aa98f5f41dfedcb61f989080c64e9e65,Kary's Trance,Konitz Lee,A-,4/4,24,6,A B A,14,1,0,0,0,1,,false,10,0,0,0,0,0,0,0,0,0,4,
737,song-e29ec42cf011519034dc8135402dd78f09f2345e89f8bf5dee8631a242ebcae6,Katrina Ballerina,Shaw Woody,G-,3/4,42,11,A B A,38,3,0,0,3,1,1 2,false,5,3,0,0,0,0,0,1,0,0,4,
738,song-4f318f41124c720da6b996b1b342c371d7219620b477fe78b399730b3af7bc68,Keepin' Myself For You,Youmans Vincent,Eb,4/4,26,7,A B A,53,4,6,0,8,1,1 2,false,0,0,0,0,0,0,0,0,0,1,4,
739,song-10544df5aaabe497cbd77bc52fc33bf32d4dcca747a2f26a7244693cce50a608,"Kicker, The",Henderson Joe,Bb,4/4,12,3,,9,1,0,0,0,0,,false,3,0,0,0,0,0,0,0,0,0,4,
740,song-496a00a8ec72b942669ee7f8d39ae3d66cba00fc327809c6c528cec3bc8ed497,Kids Are Pretty People,Jones Thad,D-,4/4,32,8,A A B A,63,3,9,0,8,0,,false,0,0,0,0,0,0,1,0,0,0,4,
741,song-3f2cd55e12fc16d5c6844e150ae3bb79fd2b7f1436ca63f9e9a6dc43f3922642,Killer Joe,Golson Benny,C,4/4,24,6,A B A,12,1,0,0,0,1,,false,0,6,0,0,0,0,0,0,0,0,4,
742,song-847e7ca7515441f301579ad35cdd8e189d55dcf8f04fe69bbaabf0938376e6f5,Klactoveedsedstene,Parker Charlie,Bb,4/4,26,7,A B A,27,2,0,0,0,1,1 2,false,1,0,0,0,0,0,0,0,0,0,4,
743,song-591fcfe5c80f216a150b446a82bbd82bfd23f4e42cd1ecdcb128718f629851cb,Ko Ko,Parker Charlie,Bb,4/4,36,9,A B,27,1,0,0,0,1,1 2,false,9,0,0,0,0,0,0,2,0,0,4,
744,song-c1bfd7f28f9a4acf7b490b748949599a541c081e78031bdfbf9011f59e3a85f9,L.O.V.E.,Gabler-Kaempfert,G,4/4,32,8,A B A C,27,2,0,0,0,0,,false,6,0,0,0,0,0,0,0,0,0,4,
745,song-cca6ba242a558a14190e05b65b14e4b3861dc530bbd50b7e7f7503fdf52c9e81,La Fiesta,Corea Chick,A,6/4,42,11,i A B C,54,2,7,0,0,7,1 2,true,6,0,0,1,2,0,0,5,0,1,4,
746,song-43ed4d2d1b132ddc3bae457174ee31b13eadda0b3c795e4c5c296d4c42aa1f8d,La Vie En Rose,Guglielmi-Piaf-David,C,4/4,20,5,A B C,32,4,0,0,5,0,,false,2,0,0,0,0,0,0,0,0,0,4,
747,song-7bfedb090263799a60b4168439e3601b61132cb2cd8c3349711481e46030be2b,Ladies In Mercedes,Swallow Steve,G,4/4,36,9,A B C D,18,1,0,0,0,1,,false,18,0,0,0,1,0,0,0,0,1,4,
748,song-96f4d5fddccb6856b0199d63a533ead2e385824c91d9a1e80db39ebae84c89ab,Lady Bird,Dameron Tadd,C,4/4,16,4,,15,2,0,0,0,0,,false,3,0,0,0,0,0,1,0,0,0,4,
749,song-af55b9cf47233bcb222f52ab6a76eb4ebc16a26a1db47e41f7ca904158bce30a,"Lady is a Tramp, The",Rodgers Richard,C,4/4,34,9,A B C,40,2,0,0,0,1,1 2,false,3,0,0,0,0,0,0,0,0,0,4,
750,song-cb803c11d6c3e47074fe387a57269db020b0d9ae6b646390cc3e372254061530,Lady Sings The Blues,Nichols-Holiday,F-,4/4,25,7,A B A,27,3,0,0,4,1,,false,3,1,0,0,1,1,1,0,0,1,1,
751,song-3be0273ca87efc4e6299bf78a59e29434cc7d5057ef9e9453bb719f505e5e6c8,"Lady's In Love With You, The",Lane Burton,G,4/4,24,6,A B A,19,2,0,0,0,1,,false,6,0,2,0,0,0,0,0,0,0,4,
752,song-e97f63833141a752910abee04d762d7faeefb81e4b2c5ae44834e6dad0c17ff8,Lakes,Metheny Pat,D,4/4,40,10,i A B C,73,3,27,0,10,3,,false,0,0,2,0,0,0,0,2,0,1,4,
753,song-a1a7f33a8f5c7d343a0390038139f1dcf6f96d4e5fa3c019eef658c322f08250,Lament,Johnson J.J.,F-,4/4,32,8,A B A C,51,3,2,4,4,0,,false,0,0,0,0,0,0,0,0,0,0,4,
754,song-cf5ec857e92a48d1599819b6ac30e532d9dda5ecdc106b2dced8afa2e9571fc2,"Lamp Is Low, The",DeRose-Shefter,C,4/4,34,9,A A B C,32,2,0,3,0,0,,false,3,0,0,0,0,0,1,0,0,0,2,
755,song-e78e9bfa585101775087d8d48bb23b0a99d56c37327942c239783b87ce04ba9e,Last Night When We Were Young,Arlen Harold,G,4/4,24,6,A B A,40,2,0,0,2,1,,false,0,0,2,0,0,0,0,0,0,0,4,
756,song-fe5ef0377cc1ddcdf024b5b68d9ba919a4d63f0f2b659fa5b80712d5f42ad949,"Last Time I Saw Paris, The",Mancini Henry,Ab,4/4,24,6,A B A,26,2,0,0,0,1,,false,4,0,0,0,0,0,0,0,0,0,4,
757,song-24b5e238cde246490b96997a53f2639a4490218fda9b087974a88ce94c20d174,Last Train Home,Metheny Pat,Bb,4/4,33,9,A,32,2,12,0,4,0,,false,4,1,0,0,0,0,0,0,0,0,1,
758,song-d9da99d06a9fd77e39ea8272da4ab79e0dbbfa8eceb333861e1e1d0e589f25a1,Laura,Raksin David,C,4/4,32,8,A B A C,35,2,1,0,0,0,,false,4,0,2,0,0,0,1,0,0,0,4,
759,song-9d3ee9a0d8d6ec386c6fca773a09f040b62df674cbc05cbc5eb01f6d2f496bf3,Laurie,Evans Bill,Bb,4/4,26,7,,31,2,0,0,0,1,1 2,true,0,0,4,0,0,0,0,0,0,0,2,
760,song-729216e2c999b58d3270356313e475540d82f6cdcd2757ee9b4ce92a78cfd6dd,Lazy Afternoon,Latouche-Moross,A-,4/4,35,9,A B C A,38,2,0,0,0,0,,false,0,0,0,0,0,0,0,0,0,0,3,
761,song-20d464771ff7d3a62da7588db064e7c6c718d916584e8f810354299e14d0e045,Lazy Bird,Coltrane John,G,4/4,37,10,A B A,44,2,0,0,0,1,1 2,false,2,0,0,0,2,0,0,0,0,1,3,
762,song-762e044d4565b124d85cae3249b573f9117525cac690584aecc3968afb1b5b55,Lazy River,Carmichael Hoagy,F,4/4,18,5,A B,37,4,1,0,14,0,,false,0,0,0,0,0,0,1,0,0,0,2,
763,song-3fbcb951953dda935e1483d9b76c43ac20b298c4001d45ce8e30ba49a3d45666,Lazybones,Carmichael-Mercer,C,4/4,25,7,A B A,40,3,2,0,6,1,1 2,false,3,0,0,0,0,0,0,0,0,0,4,
764,song-4a8f9a90063eba227662dd2e7fbf2fda452161db6983a502405783c3ecdb64ae,Leaving,Beirach Richie,Bb,4/4,16,4,,18,2,2,0,0,0,,false,2,0,0,0,0,0,0,0,0,0,4,
765,song-8a01318e4c1496a4e9c1d14b8f8a74e3f8d4b1a77d45a3fd1a49f8dc87e22dfe,Leila,Montgomery Wes,C,4/4,25,7,A B A,43,2,0,0,0,1,1 2,false,0,0,0,0,0,0,0,0,0,0,4,
766,song-6bde8657111c4c765abe4ba3cb537ed308a5dba68fa04730c43a4983df2e1110,Lennie-Bird,Tristano Lennie,G,4/4,16,4,,17,2,0,0,0,0,,false,3,0,0,0,0,0,0,0,0,0,4,
767,song-1d65e26c1dd220a779897e357049b46d0e7957dcbb4001d88aef45d3e22ff7d9,Lennie's Pennies,Tristano Lennie,C-,4/4,32,8,A B,26,2,0,0,0,0,,false,7,0,0,0,0,0,0,0,0,0,4,
768,song-133cc48058fe99f9967f30a7b621953c183f1d464f20a1cd5238cbc54174d70a,Let There Be Love,Rand-Grant,Eb,4/4,32,8,A B A C,39,2,0,0,0,0,,false,1,0,0,0,0,0,0,0,0,0,4,
769,song-8fe3eff1173d1ecab3b855cfc78178b64dad5611938fde9ec0d067d43aad8619,Let There Be You,Young-Cavanaugh,C,4/4,26,7,A B A,48,4,0,0,15,1,1 2,false,0,0,3,0,0,0,0,0,0,2,4,
770,song-c9399da3383dd7a89304b0eed5ddf2aeda30caf617fb0e62681b1b9efdfff33e,Let's Call The Whole Thing Off,Gershwin George,G,4/4,28,8,A B A,53,2,1,0,0,1,1 2,false,0,0,0,0,0,0,0,0,0,0,2,
771,song-9a0a99c00c2096f78c2ed9a33fa04edfaead6fe85eb949c3cc777513adf96cc3,Let's Call This,Monk Thelonious,G,4/4,24,6,A B A,20,2,0,0,0,1,,false,9,0,4,0,0,0,0,0,0,0,4,
772,song-ec9f9b6c97371425e440bbbafd67f7cfb80fd74ddd7f964eab66be2b442dd564,Let's Cool One,Monk Thelonious,Eb,4/4,24,6,A B A,27,4,0,4,8,1,,false,5,0,0,0,0,0,0,0,0,0,4,
773,song-a665afc752a65783506dd32735205e5ea68360b0ab6b075e980ca73379862d4f,Let's Do It (Let's Fall In Love),Porter Cole,Bb,4/4,26,7,A B A,47,2,1,2,0,1,1 2,false,0,0,0,0,0,0,0,0,0,0,4,
774,song-3c72a96d6269291fc866161523ef043be19250f91f1e0e15130292037b5bc568,Let's Face The Music And Dance,Berlin Irving,C,4/4,44,11,A B C,45,2,1,0,0,0,,false,6,0,0,0,2,0,0,1,0,0,6,
775,song-f1b4a1aa9c04ffdd4ef6989cad8fbe4c4578174a9c398f49f1c9d5e9858f1645,Let's Fall In Love,Arlen Harold,C,4/4,26,7,A B A,51,2,0,2,0,1,1 2,false,0,0,0,0,0,0,0,0,0,0,4,
776,song-41ec9c6c6728179ac67fee2ee7732d8c882c416b0af294a808d3acc054ba8e54,Let's Get Away From It All,Dennis-Adair,Eb,4/4,26,7,A B A,49,3,0,0,2,1,1 2,false,0,0,0,0,0,0,0,0,0,2,4,
777,song-829ebe729270f3109fe72201bb28dbd151243c13c75bab6596b5c146a860f9d5,Let's Get Lost,McHugh Jimmy,C,4/4,24,6,A B C,30,2,0,0,0,1,1 2,true,0,0,0,0,0,0,0,0,0,0,4,
778,song-fe28bb79532978f553afccda8b8b3e5888d87dc90f35a9da6f7173f1e63728c4,Li'l Darling,Hefti Neal,F,4/4,32,8,A B A C,49,2,0,0,0,0,,false,0,0,0,0,0,0,1,0,0,0,4,
779,song-1a1043dc10213e7b07aea4a765364c83228d014eb56fac946948e8dd08f28de4,Liberia,Coltrane John,D-,4/4,48,10,A B C,25,2,5,0,1,1,,false,26,0,0,0,2,0,0,1,0,1,4,
780,song-c084296dcf58a2d198ce50d6ac71dc03df862f97d4c771f1ecc543b0e9afb781,Light Blue,Monk Thelonious,C,4/4,8,4,,19,3,0,0,0,0,,false,0,0,0,0,0,0,0,0,0,0,2,
781,song-4e392fb31056f569175125ac9b700ed39c2e62e5ed6e3a24c45cae111d8c298f,Ligia,Jobim Antonio-Carlos,B,4/4,18,5,,19,2,0,0,0,0,,false,1,0,0,0,0,0,0,0,0,0,2,
782,song-f7395839d45d0f5a565d4380ffb3e6def483e3c94625c06554069fb070517417,Like A Lover,Dori Caymmi-Nelson Motta,C,4/4,27,8,A B,31,2,5,0,0,1,,false,1,0,0,0,0,0,1,2,0,0,1,
783,song-615d87886d322f39bc4c84d28cfd2b3c935d1698da71c1bf40fc2f3d75d63d46,Like Someone In Love,Van-Heusen Jimmy,Eb,4/4,24,6,A B C,34,2,2,1,0,1,1 2,true,1,0,0,0,0,0,0,0,0,0,4,
784,song-6d1f9f0b55e8176ec9a5ae48796f11203a794b7b3e11922d4e052b49927ce3b0,Like Sonny,Coltrane John,Eb,4/4,24,6,A B A,20,2,0,0,0,0,,false,8,0,0,0,0,0,0,0,0,0,4,
785,song-3c4462067fc59e1c1e2b891926ac163c6a554bc6f43f82d96ef88868b68cec24,Lily of The Valley,Traditional,F,4/4,16,4,A B,16,2,0,0,0,0,,false,2,0,0,0,0,0,0,0,0,0,4,
786,song-7621680bfc59de59acab8afe5b50f95f31c35696488e38b17e3703be2ac5cdf5,Limbo,Shorter Wayne,C,3/4,17,5,,18,2,1,0,0,0,,false,1,0,0,0,0,0,0,0,0,0,1,
787,song-b907a0275971b535abdbd45d2e370428a208466bf4bcd9b79fc0faac7234a364,Limehouse Blues,Braham-Furber,Ab,4/4,32,8,A B,20,2,1,0,0,0,,false,15,0,0,0,0,0,0,0,0,0,4,
788,song-bfff12a109299e0b29cbb49a79d9cce25c8f4e4c397189e3188013945606f376,Line For Lyons,Mulligan Gerry,G,4/4,26,7,A B A,44,2,0,0,0,1,1 2,false,0,0,0,0,0,0,0,0,0,0,4,
789,song-20fc87d1829b5b3932441d2b7cb244d6d28c1246704b802f018f77d5cdced6f9,Linger Awhile,Rose Vincent,F,4/4,32,8,A B A,28,2,0,0,0,0,,false,7,0,14,0,0,0,0,0,0,0,4,
790,song-9fff1770c1387c0ce113a5255e793887c39ac56bc4fd0dc72991cf0ab1aae410,Litha,Corea Chick,D,6/8,62,9,A B,16,1,0,0,0,0,,false,46,0,0,0,0,0,0,0,1,0,8,
791,song-f779750db4619267b3df98c744d2ed6e2eee0a87b2afe2f92974a2eb4df009f5,Little B's Poem,Hutcherson Bobby,F-,3/4,16,4,,22,3,0,0,6,0,,false,0,0,0,0,0,0,0,0,0,0,4,
792,song-8e4536ac9ae463de4e0c97de1df1d6ac981fa75df7cb187e3c9ba2a17ada0cce,Little Boat (O Barquinho),Menescal Roberto,Bb,4/4,16,4,,13,2,0,0,0,0,,false,6,0,0,0,0,0,0,0,0,0,4,
793,song-fe6d5f282f609e98f355d0fc16a4fb6d0e3ff906e04bfe2bb611e7875fe0c88d,Little Chicago Fire,Foster Frank,Bb,4/4,25,7,A B A,52,3,2,0,8,1,1 2,false,0,0,0,0,0,0,0,0,0,0,4,
794,song-4182de44f0e1795e1aade65c3464be64ccdf1a4e719738a72d4751acff08e6f4,Little Dancer,Harrell Tom,Db,3/4,40,9,i A B C,33,2,5,0,0,4,1 2,false,4,3,0,0,2,1,0,2,0,1,5,
795,song-108279c64b812bfb8485a8120048e209ccc6d00246fa379a263025030aeee45c,Little Girl Blue,Rodgers Richard,F,3/4,40,10,v A B,48,2,0,2,0,2,,false,5,0,0,0,0,0,0,0,1,0,4,
796,song-974d008d28e129cc4c566de3f5d4ce0097ed8a5b49c69dc364d3c8052b6c43bc,Little Niles,Weston Randy,G-,3/4,40,10,A B A,34,1,2,0,0,3,,false,6,0,0,0,0,0,0,0,0,0,4,
797,song-ae0da824f4d40c009053451cad5719dd2e29ae75399e17f4505116c67b98d097,Little Peace In C For You,Petrucciani Michel,C,4/4,32,8,A A B A,46,2,0,0,0,0,,false,6,0,0,0,0,0,0,0,0,0,4,
798,song-6dc70f0b1b9bd6da89913e337dd99727120bcfbc61d675c43f0c8f8694816811,Little Rootie Tootie,Monk Thelonious,Ab,4/4,26,7,A B A,49,3,3,0,2,1,1 2,false,0,0,0,0,0,0,0,0,0,1,4,
799,song-353fd15fa1a3e32ca6fb8e2ed1d9228de5070601734223e88586d076969b7ae6,Little Sunflower,Hubbard Freddie,D-,4/4,24,6,A B A,4,1,0,0,0,3,,false,20,0,0,0,0,0,0,0,0,0,4,
800,song-77e35b2406c05028ec810be79ddfb83514bdd587385a9cdf25dcc51d328ef827,Little Waltz,Carter Ron,F-,3/4,34,9,A B A,33,2,3,0,0,0,,false,2,0,0,0,0,0,0,0,0,0,2,
801,song-5c225bf6ed13405139f9586a6676ade7f20dc2c714e2df4255dbd504514de267,Little Willie Leaps,Parker Charlie,F,4/4,20,5,,28,2,0,0,0,1,1 2,false,1,0,0,0,0,0,0,0,0,0,4,
802,song-99bc3e50b1c9b9ab6d20a45ba98586bfb79ae91b8d2bb96ea433e81e592949c1,Liza,Gershwin George,Eb,4/4,25,7,A B A,41,2,2,0,0,1,1 2,false,0,0,0,0,0,0,0,0,0,0,4,
803,song-0e3b5e3dfdba046e3136ed50273b3f16c1cac986615910bbd27d98ce53d76e75,Locomotion,Coltrane John,Bb,4/4,46,11,A B A,22,1,1,0,0,1,,false,22,1,0,0,2,6,0,0,0,1,6,
804,song-d39abed9bd5b0bcc19a1fbc7c88d3eb79c4a4d00452e4f0eab356f339f4d61f5,Lone Jack (Page 1),Metheny Pat,Bb-,4/4,44,9,A B,39,2,18,0,0,1,,false,15,0,0,0,2,0,0,1,0,1,4,
805,song-d05c04a308c3a23caf3a63c798327a8bbe6af9818d3a96622bc6e17f1c8ec5f1,Lone Jack (Page 2 - Solos),Metheny Pat,Bb-,4/4,32,9,A B,22,2,0,0,0,1,,false,11,0,0,0,0,0,0,3,0,0,0,
806,song-a6228c95c8beeefa14be07e15a8f16e42614e664c2ba3a770374259029b87d9e,Lonely Dreams,Gibbs Terry,Bb,4/4,25,7,A B A,39,3,0,0,4,1,1 2,false,2,0,0,0,0,0,0,0,0,0,4,
807,song-9d26f9d1c85eb510ce92d2a131f22b6ed898940bd72965b8690a2243fb66fc9d,Lonely Woman,Silver Horace,Eb-,4/4,19,5,A B A,39,3,2,0,6,1,,false,0,0,0,0,0,0,0,0,0,0,4,
808,song-3667ad02f80d0eb1eae25d6e2636b0aedd461324864c611bf94226ee3f5a3fde,"Lonesome Road, The",Austin-Shilkret,Eb,4/4,26,7,A B A,25,2,0,0,0,1,1 2,false,5,0,0,0,0,0,0,0,0,2,4,
809,song-67b36b8631da100f2161c25ab82c529a2c06b0c04b508325b54aa8e0b7d8a14d,Long Ago And Far Away,Kern Jerome,F,4/4,32,8,A B A C,54,2,1,0,0,0,,false,0,0,0,0,0,0,0,0,0,0,4,
810,song-170f8bd206fd8baacca4cc91954250933baf2f92648a0ab7935009d210f8eb99,Lonnie's Lament,Coltrane John,C-,4/4,16,4,A B,32,2,0,0,0,0,,false,0,0,0,0,0,0,1,0,0,0,4,
811,song-1de684897a0566225bfad7ba3411bc3b806552f736cf55e231e195e9a9152211,Look For The Silver Lining,Kern Jerome,Eb,4/4,32,8,A B,36,2,0,0,0,0,,false,2,0,0,0,0,0,1,0,0,0,4,
812,song-f680d640677136b1315f4cbf12fa3ad7d875d9854c3ad5f0d99dd9288b05924e,"Look Of Love, The",Bacharach Burt,Bb,4/4,37,10,A B C,36,2,15,0,0,1,,false,3,0,1,0,2,0,0,1,2,1,4,
813,song-0e03bc665473225a09cdb659415c31de346f893766c26cf9453599a4afb2fef9,Look To The Rainbow,Lane Burton,Eb,3/4,40,10,A B,50,2,1,0,0,1,,false,1,0,0,0,0,0,0,0,0,0,4,
814,song-3648f99a9f91f70a8c301bacc0c19f3c5b8bceebe5737f84c4c6344a05effa0c,Look To The Sky,Jobim Antonio-Carlos,Eb,4/4,30,8,A,27,2,0,0,0,1,1 2,false,5,0,0,0,2,0,0,0,0,1,4,
815,song-ba1ba0c36d1c6a90abf5d25493022389fd04f382678370bb460d7912e365d2c0,Looking Up,Petrucciani Michel,A,4/4,40,10,,38,1,5,0,0,2,1 2 3,true,2,0,0,0,0,0,0,0,0,0,4,
816,song-c3d3bf76f437f222734704a04ce43af51a4286b8b1034b02da296b6a9f2062c3,"Loop, The",Corea Chick,F,3/4,40,10,A B,44,2,7,0,0,1,1 2,true,0,0,0,0,0,0,0,0,0,0,4,
817,song-db31f9ab3ef693cf74d649d7edab4f5c1c8cead913f0f175f9d6de99c0ce3a8e,Lost,Shorter Wayne,G,3/4,25,7,A B A,30,2,6,0,0,1,1 2,false,0,0,0,0,0,0,0,0,0,0,4,
818,song-67d0e145e6c2c1885e96081be407050dd97eae2dfc064f49620c14aa26ff4de9,Lotus Blossom,Strayhorn Billy,Bb,3/4,43,10,A B,39,2,6,0,5,1,1 2,false,1,3,0,0,2,0,0,1,0,1,4,
819,song-7c82bd18c6f41551f08a7549c2b372e62c13a09f6be19b191d06fb027fa4a49f,Love For Sale,Porter Cole,Bb-,4/4,32,8,A B,30,2,0,0,0,1,,false,7,0,0,0,0,0,0,2,0,0,4,
820,song-1167fb909d0d5a2c5679e1767ba461a08717c53505842831397790d5cec8e5fe,Love Is Just Around The Corner,Gensler Lewis,F,4/4,25,7,A B A,43,2,0,0,0,1,1 2,false,1,0,0,0,0,0,0,0,0,0,4,
821,song-5f3e23c6ce7fde2969e6a49741dd4c88fa60eda74f3ce604d18a1d7c5ee3217b,Love Is The Sweetest Thing,Noble Ray,D,4/4,26,7,A B A,48,3,0,0,2,1,1 2,false,0,0,0,0,0,0,0,0,0,0,4,
822,song-0c3e1dfbc1aaaff41c3e3f4cb1464f8280ad8860e3c920634d44c881c77fe485,Love Letters,Young Victor,G,4/4,32,8,A B A C,29,2,0,2,0,0,,false,6,0,0,0,0,0,0,0,0,0,4,
823,song-374bc3bf660d6bad241238db0095f076c58e3ee1b2cfb5c1d858ab01c64e117e,Love Me Or Leave Me,Donaldson Walter,Ab,4/4,26,7,A B A,40,2,0,0,0,1,1 2,false,0,0,0,0,0,0,1,0,0,0,4,
824,song-163f6c245227130755a63b2c48f7faf6b2ec99cddefefb9ab4d94221a55fe408,"Love Nest, The",Hirsch Louis,Eb,4/4,32,8,A B A C,39,2,3,0,0,0,,false,4,0,0,0,0,0,0,0,0,0,4,
825,song-f38749e9ac93fb50f8b47929a76b20a3372e5f76f013ef5ca068e62cb5a97ed3,Love Vibrations,Silver Horace,Eb,4/4,24,6,A B A,32,2,0,0,0,0,,false,0,0,0,0,0,0,0,0,0,0,4,
826,song-fdaa0484ae07ed1e43f060b9741efc01287450487c647b54341236ab6f31b8ed,Love Walked In,Gershwin George,Eb,4/4,32,8,A B A C,42,2,0,0,0,0,,false,0,0,0,0,0,0,0,0,0,0,4,
827,song-6b4f5ea3a3646ba208be8e507436f732eb520e26a118a5fb70e3fa4d17aade3e,Lover,Rodgers Richard,Eb,4/4,36,9,A B,36,2,1,0,0,1,1 2,false,1,0,0,0,0,0,0,2,0,0,4,
828,song-d1f307b911c27c68de842f6b43a14b4c4b956885d760f4a9492fbf116d0de41a,Lover Man,Davis-Ramirez-Sherman,F,4/4,25,7,A B A,50,4,0,2,12,1,1 2,false,0,0,0,0,0,0,0,0,0,0,4,
829,song-5a3ed9f1e573e0d5802e382aee8b47c35585cad17e616b91f297db5ed3206099,"Lover, Come Back To Me",Romberg Sigmund,Eb,4/4,38,10,A B,44,2,4,0,0,1,1 2 3,false,5,0,0,0,0,0,0,1,0,0,3,
830,song-6846146abf6fa0d7ccfc2f0e54cb0e9985bc8fa44d1129160c1c57812fcb2f04,Lucky Southern,Jarrett Keith,D,4/4,36,9,i A A B C,31,2,1,0,0,1,,false,8,0,2,0,0,0,0,0,0,0,4,
831,song-0d66b5e1371e838ed97f0c0220582807a908ccc193bf23bb9db7f5fb8a0321b5,Lullaby In Rhythm,Goodman-Hirsch,F,4/4,26,7,A B A,33,2,0,0,0,1,1 2,false,0,0,0,0,0,0,0,0,0,2,4,
832,song-dbfdb0d6d43425cce1dc2b76bd806bf0dc4113f810b4b2c8e4fa60046e85b653,Lullaby Of Birdland,Shearing George,Ab,4/4,26,7,A B A,46,3,0,0,2,1,1 2,false,0,0,0,0,0,0,1,0,0,0,4,
833,song-e247159f4ca8b07c5476548538b86000701e9a807ef48fe5358e9bd6b6e404e3,Lullaby Of The Leaves,Petkere Bernice,C-,4/4,26,7,A B A,34,2,2,2,0,1,1 2,false,4,0,0,0,0,0,0,0,0,0,4,
834,song-c707670414b1ac47e3545e65d53c35f2d1c7fb89daf8b4078c48cebcd2357a04,Lulu's Back In Town,Warren Harry,Eb,4/4,24,6,A B A,45,2,2,0,0,1,,false,0,0,0,0,0,0,0,0,0,0,4,
835,song-49cbd8b991ef7e395bfdfaf998f2a8f73bad1425fd4490c17676139c41a2c0d0,Lush Life,Strayhorn Billy,Db,4/4,48,11,v A B,85,4,0,0,26,1,1 2,false,7,0,0,0,0,0,1,0,0,0,2,
836,song-ed55468355be87fd8bc09ad45d4a855f0c2515865a9c6a96fc5be6331c0f6f36,Lyresto,Burrell Kenny,C,4/4,24,6,A B C,32,2,0,0,0,1,1 2,true,0,0,0,0,0,0,0,0,0,0,4,
837,song-f24a9d5a5dc5cda95214f849b1a65121d9a21e3a69d81beb7cf910f0565312e7,Ma Belle Hélène,Wheeler Kenny,C,4/4,48,12,A B,28,1,27,0,0,0,,false,20,0,0,0,0,0,0,0,0,0,4,
838,song-4f36d01837279dbfe67f04323bee27396047ef87f215a4530f7274598b6a2a1f,Mack The Knife,Weill-Brecht,Bb,4/4,16,4,A,10,2,0,0,0,0,,false,7,0,0,0,0,0,0,0,0,0,4,
839,song-7519261d56c9a9b42a095c6a5471833987b1176d6aa8a8d29c3a8ef305bebe5a,Mahjong,Shorter Wayne,F-,4/4,32,8,i A B C A,34,2,0,0,0,1,,false,0,0,0,0,0,0,0,0,0,1,4,
840,song-ca4460ad2173fbdc5b1d3d8f6d81485944140c1b25527f9a7a4a29d6a54ed214,Maiden Voyage,Hancock Herbie,D,4/4,24,6,A B A,6,1,0,0,0,1,,false,18,0,0,0,0,0,0,0,0,0,4,
841,song-782d7ba4f1e1d9bf588c9ee3b92bee94ac17e0f2c9bc77bcdf7c51bb8fab6101,Make Someone Happy,Styne Jule,Eb,4/4,28,7,,36,2,0,2,0,1,1 2,true,0,0,0,0,0,0,0,0,0,0,4,
842,song-962413b7d8ec959295c247cdb179c3220ad8d4c7c00bac81a6844de442053e17,Making Whoopee,Donaldson Walter,G,4/4,26,7,A B A,49,4,0,0,4,1,1 2,false,0,0,0,0,0,0,0,0,0,0,4,
843,song-8742eb157e62b6501ebb6a18e5a48a3e8d0445780e6a09e70b901c10c39d8c58,Mambo Inn,Bauza-Sampson-Woodlen,F,4/4,25,7,A B A,44,2,2,0,0,1,1 2,false,0,0,0,0,0,0,0,0,0,0,4,
844,song-d5aae71f1a99fd1d9fc83b66b211fd67264e0c81ff90b3c65ed457532667edde,"Man I Love, The",Gershwin George,Eb,4/4,26,7,A B A,40,3,0,0,4,1,1 2,false,0,0,0,0,0,0,0,0,0,0,4,
845,song-8752e987c9f658ecca5e28ed78a150111d900a67ad029de038f3af53e1e0fd76,"Man That Got Away, The",Arlen Harold,F,4/4,48,12,A A B,48,3,1,0,4,0,,false,7,0,2,1,2,0,0,1,0,0,4,
846,song-dd411fb97ba58ff01081c03826ce249725e91c4232c0da2ac73d27d7506d7870,Manha De Carnaval (Black Orpheus),Bonfa Luiz,A-,4/4,37,9,A B,47,2,2,0,0,0,,false,2,0,0,0,2,1,0,0,0,1,5,
847,song-7946d17a2bb7d4c0a53aa5ff641f35b0d608e16ba626c55293e09cceede552bb,Manhattan,Rodgers Richard,F,4/4,32,8,A B A C,51,2,0,0,0,0,,false,2,0,0,0,0,0,0,0,0,0,4,
848,song-9a65fc90cf994e81e217462c4a2a5709c5a9e2d55998a3192789ab4ce92ff2cd,Manoir De Mes Rêves (Django's Castle),Reinhardt Django,Eb,4/4,24,6,,21,1,2,0,0,1,1 2,true,1,1,14,0,0,0,0,0,0,0,4,
849,song-f8ed7742f3d6d4f01acc9dd690e87dac9706018bb5336bd8c0669bd063cdf05a,Manteca,Gillespie Dizzy,Bb,4/4,36,9,i A B A,31,3,0,0,4,2,,false,12,0,0,0,0,0,1,0,0,0,4,
850,song-764076f3fb2650f2c6186cd13b2e1d164a2297da0c41349f78f1d32b811238ab,Martha's Prize,Walton Cedar,Eb,4/4,32,8,i A B A,56,4,2,0,8,2,,false,0,0,0,0,0,0,0,0,0,1,4,
851,song-a42b8e8e3218e22fe9a3b4b57fe6c1314c873c38de441dff218f3f7b612c0150,Mas Que Nada,Jorge Ben Jor,F-,4/4,40,10,A B C D,39,3,2,0,2,0,,false,5,2,0,0,0,0,1,0,0,0,4,
852,song-e7b857c93e9de37d803765970731c4bca4a39fbea677c06d38f35c15764431ff,"Masquerade Is Over, The",Wrubel Allie,Eb,4/4,32,8,A B,52,2,0,2,0,1,1 2 3,false,0,0,0,0,0,0,0,1,0,1,4,
853,song-047421d8f5f97d3fd36fcb10f7502e817eab67273bda57d6d15af8809ba12a1c,Maybe I Should Change My Ways,Ellington Duke,Bb,4/4,19,5,,25,3,0,0,4,1,1 2,false,3,0,0,0,0,0,0,0,0,0,3,
854,song-875979bae6802a88f95a2f4acc03625fcb8da53fb58452f812b5bd570ff027bb,Maybe September,Faith Percy,A-,4/4,24,6,A B C,25,3,0,0,4,1,1 2,true,6,0,0,0,0,0,0,0,0,0,4,
855,song-deb7447cad7a13e392c406dc2971208f366c84ed810972f10b97dfcb067f59e9,"Maze, The",Hancock Herbie,E-,4/4,21,6,i A B,21,1,4,0,0,2,,false,0,0,0,0,2,0,0,1,0,1,1,
856,song-6c19d3e5e62b5f827827f79f67da60197b9289b279e016540bc7746f36ffc183,Mc Jolt,Beirach Richie,Eb-,4/4,20,6,,18,1,0,0,0,2,,false,2,0,0,0,2,0,0,2,0,0,4,
857,song-8463cb38c00eb079b356e21001eb181686af449ebfb5eb6dae129bb367b8705d,Mean To Me,Turk-Ahlert,F,4/4,32,8,A A B A,64,3,0,0,8,0,,false,0,0,0,0,0,0,0,0,0,0,4,
858,song-ece1dca57f5f5a37b3605a5b660503b169762ef931349a105dca0fa8f6d4898e,"Meaning Of The Blues, The",Worth-Troup,D-,4/4,32,8,A B A C,58,3,2,1,2,0,,false,0,0,0,0,0,0,0,0,0,0,4,
859,song-3e97051552ed4760ff59e4967e1ba8e64036403728c439eb579df683b0ff1fea,Meditation,Jobim Antonio-Carlos,C,4/4,28,7,A B,25,2,0,2,0,1,,false,6,0,0,0,2,0,0,1,0,1,4,
860,song-1645715099e325384f7da9018ce9d57353de76f80bce68143710377229dc24f9,Memories Of Tomorrow,Jarrett Keith,A-,4/4,24,6,A B,31,2,5,1,1,0,,false,0,0,0,0,0,0,0,0,0,0,4,
861,song-85f71b9b29aa1e52ef81ef035a5c0f7a4deeed29589a01673d950c87c9b380f0,Memories Of You,Blake Eubie,C,4/4,25,7,A B A,47,3,3,5,6,1,1 2,false,0,0,0,0,0,0,0,0,0,0,4,
862,song-b842a01aae43ecbb7ee577b9aae56c4b7df891512749cad7d099b10912035698,Mercy Mercy Mercy,Zawinul Joe,Bb,4/4,20,5,A B,31,4,6,0,8,0,,false,0,0,0,0,0,0,0,0,0,0,4,
863,song-4e49e179a1771fa633cbe78137c736b6bae8b733715279d076cd8258f9cfd88b,Midnight Blue,Burrell Kenny,Ab,4/4,40,10,i A B C D,45,2,0,0,1,4,,false,2,4,2,1,2,0,0,3,0,2,4,
864,song-8ffa56af3780de3659642662f3da6d1fe80cdc1ebcc13f1b024de989028f9037,Midnight Mood,Zawinul Joe,Db,3/4,24,6,,24,1,6,0,0,0,,false,0,0,2,0,0,0,1,0,0,0,4,
865,song-232a3000e7ad1841a8450486620ac70226c41b33cd4cee842ebdd0300549bfd6,Midnight Sun,Hampton-Burke-Mercer,C,4/4,38,10,A B A,59,2,0,4,0,1,1 2,false,0,0,0,0,0,0,0,0,0,0,2,
866,song-d232153564ea41310fa7e2b8b5b04d077722f70518c046cca5da7f23a53f0c09,Midnight Voyage,Calderazzo Joey,C-,4/4,45,12,A A B B A,42,1,0,0,0,0,,false,1,1,0,0,2,1,0,0,0,1,1,
867,song-fa70a0d2930e57f6ab03dc740f92c52acb5a0f12e74b15967711847f0f3f9126,Milano,Lewis John,C,4/4,28,8,A B A,58,3,0,0,6,1,1 2,false,0,0,0,0,2,0,0,0,0,1,3,
868,song-69ac672cedc0a81dddcfcd331abc4331a87bfde5928a6e5f2d72fff43aa7ecd3,Miles Ahead,Davis Miles,C,4/4,40,10,A B,33,2,1,0,0,0,,false,10,0,2,0,2,0,0,0,0,1,4,
869,song-bce16f892d3a32c8a6b9c191d85748395c627efabd003471830600d733bcf0a8,Milestones (New),Davis Miles,G-,4/4,40,5,A A B A,4,1,0,0,0,0,,false,36,0,0,0,0,0,0,0,0,3,8,
870,song-bf2f67d44a6cfef9959418a38bde19b0aedfbeffc36012a59cf186432df5473d,Milestones (Old),Davis Miles,Bb,4/4,32,8,i A B A,48,2,0,0,0,1,,false,0,0,0,0,0,0,0,1,0,1,4,
871,song-61fe3be6af2d4b50e49c5a90ab2688a21eb27a5878ab947aed580fc2ed2964e5,Mimi,Rogers Richard,G,4/4,32,8,A A B A,32,2,0,0,0,0,,false,3,0,0,0,0,0,0,0,0,0,4,
872,song-0420e278a89c1de936f5c3ae2caffbba49643daef0ae080b44358026e0c327f6,Mimosa,Benson George,F,4/4,24,6,i A B,24,1,2,0,0,1,,false,0,0,0,0,0,0,0,0,0,0,4,
873,song-573afcb4a84ae490541f0b8a80b9e67424c924137ba0c4d62dbd051bb845faa8,Minoat,Waldron Mal,C-,4/4,26,7,A B A,37,2,3,0,0,1,1 2,false,1,0,0,0,0,0,0,0,0,0,4,
874,song-cc902c1db4f0391938ef1427dc6616ac1e962e4f71e9727fd2bb6df3a26f5c8e,Minor Blues,Rosenwinkel Kurt,Eb-,4/4,24,6,,9,1,0,0,0,0,,false,15,0,0,0,0,0,0,0,0,0,4,
875,song-374ea12dc5d2ada8186820b2da07ecf19b85fe558a326dc456eb73b9a6822b15,Minor Mishap,Flanagan Tommy,Bb-,4/4,32,8,A B C A,44,2,0,0,0,0,,false,1,0,0,0,0,0,0,0,0,0,4,
876,song-861f0ca696099f8eb2d42de0e1c8a69ad6c81d556f0fef7044261314b2f0e2f8,Minor Mood,Brown Clifford,F-,4/4,24,6,,32,2,0,0,0,0,,false,1,0,0,0,2,0,0,0,0,1,4,
877,song-a98297980dc20ce45527bcf16bade3d6d180b2ed61803d99af3829aaba4b2547,Minor Strain,Timmons Bobby,G,4/4,16,4,A B,11,2,4,0,0,2,,false,7,0,2,0,0,0,0,0,0,0,4,
878,song-cfa24e57fe14afc2dd521905800498bdfa936a5623b54d70df5c5a9780acbca3,Minority,Gryce Gigi,F-,4/4,16,4,,16,1,0,0,0,0,,false,0,0,0,0,0,0,0,0,0,0,4,
879,song-fc656cb53385ec0e44a81821f2bea27bc553d22849c57a911ace037bc3b789e1,Minuano (Six Eight),Pat Metheny - Lyle Mays,A,3/4,43,12,A B,29,1,1,2,0,1,,false,6,4,0,0,2,0,0,0,0,1,1,
880,song-6e36f1285edccc725021701ee05fdf238b509a0e64702cfa80a2005664f28057,"Mirror, Mirror",Corea Chick,C,3/4,32,8,A B,32,1,1,0,0,0,,false,0,0,0,0,0,0,0,0,0,0,4,
881,song-34b68bda414d0bd2f785c4929e981169a96852edb5a6128a019ba13fc7387d2d,Misterioso,Monk Thelonious,Bb,4/4,12,3,,9,1,0,0,0,0,,false,3,0,0,0,0,0,0,0,0,0,4,
882,song-7f83d82d10e60a87ec7f2bc6383e414f0673e37d0f9605a11275c037cb9634c8,Misty,Garner Erroll,Eb,4/4,26,7,A B A,38,2,0,0,0,1,1 2,false,2,0,0,0,0,0,0,0,0,0,4,
883,song-7aecf57794741f1774f982f59c2a208dc8321c0dd5b8f333cbf182a25b39de3e,Miyako,Shorter Wayne,A,3/4,28,7,,27,2,0,0,0,0,,false,2,0,0,0,0,0,0,0,0,0,4,
884,song-ba6c8d252b9fecb8797b065c2a92a06a784121201515a745542bd10a2c25d5fa,Moanin',Timmons Bobby,F-,4/4,32,8,A B A B,32,2,0,0,0,2,,false,0,6,0,1,0,0,0,5,0,1,4,
885,song-7d98bff792fa22ba71dcd2208e1a431dab255ddb5a7948f2ded565d733620988,Moment's Notice,Coltrane John,Eb,4/4,26,7,,43,2,8,0,0,1,1 2,true,0,0,0,0,0,0,0,0,0,0,2,
886,song-3583ba0a095864823c4d1e0732d7ded598b8c7b250b3be12ab61343144ac736c,Moments To Remember,Allen Robert,G,4/4,26,7,A B A,33,2,0,0,0,1,1 2,false,6,0,0,0,0,0,0,0,0,0,4,
887,song-50545c02c16ba32c9ba25dc3988d35cb8898120869f8b2fe13816a9bc43f2948,Mona Lisa,Livingston-Evans,Eb,4/4,24,6,A B,36,3,0,0,2,0,,false,3,0,0,0,2,0,0,1,0,1,4,
888,song-8f10fe203bc29226adbc70238ef08fff3ac1bcf541fae758d6e1bff46268efb3,Monk's Dream,Monk Thelonious,C,4/4,24,6,A B A,28,2,0,0,0,1,,false,6,0,0,0,0,0,0,0,0,0,4,
889,song-4377a47add96e9590af655bdb4e62dc13faaa75c091876d237a26d862aa8447f,Monk's Mood,Monk Thelonious,Db,4/4,26,7,A B A,49,4,2,0,8,1,1 2,false,0,0,0,0,0,0,0,0,0,0,4,
890,song-5879c4108ad61abab338648c9c895d9f576213f9762cbe6c4f63c33c5929f808,Mood Indigo,Ellington Duke,Ab,4/4,32,8,A B,41,2,0,0,0,0,,false,0,0,0,0,0,0,0,0,0,0,4,
891,song-23cb10ceed9376a2464d58c156b8df724c7ebcc1f60b5d932c5ecd34b15a9499,Moon Alley,Harrell Tom,F,4/4,31,8,A B A,28,2,1,0,0,1,,false,4,2,0,0,2,0,0,2,0,1,3,
892,song-cb0c44857d72f52872697a984b87ed224761889c136b80d4f3286acefec7fb36,Moon And Sand,Wilder-Palitz,D-,4/4,40,10,A B A,41,2,0,0,0,0,,false,2,0,0,0,0,0,0,0,0,0,4,
893,song-3e28c8f6fa851965a98bd5a565733314c1782fab68cc1f256c26e8b933d1ef67,Moon Mist,Ellington-Mercer,F,4/4,29,8,A B A,55,2,7,0,0,1,1 2,false,0,0,0,0,2,1,1,0,0,1,4,
894,song-7fc5f72364a0b59f2b5298c65deda09fe733e953adc0a51556289f3f8d926bb7,Moon Rays,Silver Horace,Eb,4/4,33,9,A B,34,2,2,0,0,1,1 2,false,2,0,0,0,0,0,0,2,0,0,4,
895,song-168cf4ccdf30b3a91a41532136125f548e3a40026c7bb76dd31fd7c982cc5fa5,Moon River,Mancini Henry,C,3/4,30,8,A B C,34,2,7,2,0,1,1 2,true,0,0,0,0,0,0,0,0,0,0,2,
896,song-a26fc478dd01f13735479efe5f3fa183af5af6ba7425eaf6a21167a9b5e666ff,Moonchild,Jarrett Keith,E-,4/4,8,2,,15,3,0,0,4,0,,false,0,0,0,0,0,0,0,0,0,0,4,
897,song-4bc72ca49d30f5df39abb6a05f706fabc79484a75938bb8d62df1c5e9c752137,Moondance,Morrison Van,A-,4/4,32,8,A B C,24,2,3,0,0,2,,false,14,1,0,0,2,0,0,1,0,1,4,
898,song-49a3c7dc56ec17cade5d54dfb9735d29dccd981d57d379d14bdb01901edd8130,Moonglow,Hudson-Lange-Mills,G,4/4,24,6,A B A,31,3,0,0,6,1,,false,2,0,2,0,0,0,0,0,0,0,4,
899,song-7f99711c8dba2fca014f4136843ca981dac6585a0b2039d4b6fa0cde29c4db47,Moonlight Becomes You,Van-Heusen Jimmy,F,4/4,28,8,A B A,46,2,0,0,0,1,1 2,false,1,0,0,0,0,0,0,0,0,0,2,
900,song-3684ae9de757953344ed862486118743b73181e502a094dce66ed6f7fabdb43b,Moonlight In Vermont,Suessdorf Karl,Eb,4/4,22,6,A B A,39,3,0,0,2,1,,false,0,0,0,0,0,0,0,0,0,0,2,
901,song-142ee06f78e398c8d75866c67f5ab51bc079d20a82d0ddc402118a40354c0678,Moonlight Saving Time,Kahal Irving,F,4/4,26,7,A B A,48,3,1,0,4,1,1 2,false,1,0,0,0,0,0,0,0,0,0,4,
902,song-91e160d1b70a135b8b1dbc4c92f02df2ce9ffe3770c265ff8f9fcea83ebc2214,Moonlight Serenade,Miller-Parish,F,4/4,33,9,A B A,52,3,0,0,2,1,1 2,false,2,0,0,0,0,0,0,0,0,0,4,
903,song-79d6df72c3895972a452e95ea616fdd4263d56a345b8d3c2266c0b3daabee26c,"Moontrane, The",Shaw Woody,D,4/4,37,10,i A B A,34,2,0,0,0,1,1 2,false,13,0,0,0,0,0,0,0,0,0,4,
904,song-e4a29194a9189cc12dfc97a22e383b6bc4804b100005f1e7d28ecd7651114e8b,Moose The Mooche,Parker Charlie,Bb,4/4,26,7,A B A,38,2,0,0,0,1,1 2,false,4,0,0,0,0,0,0,0,0,0,4,
905,song-7ea6c2e43b02220bec3167b12ee0a6ccd4d86bfb239a4fa0f510537a00e7bf75,"More I See You, The",Warren Harry,Eb,4/4,32,8,A B,43,2,0,1,0,0,,false,0,0,0,0,0,0,0,0,0,0,4,
906,song-97bd7de33ee53651f6deeeaa7d1b8de0e92688214a315f2d10ccde8496facf54,More Than You Know,Youmans Vincent,C,4/4,32,8,A A B A,63,3,0,0,6,0,,false,0,0,0,0,0,0,0,0,0,0,4,
907,song-88f8e6c6e9a53910511ad92a24562ee479f29c717b14a042c9f7462fd79e1158,Morgan The Pirate,Morgan Lee,Eb,3/4,34,9,A B A,33,2,3,0,0,2,1 2,false,2,0,0,0,0,0,0,0,0,0,4,
908,song-0bb4fac918ae71b0fa36c8125b011181a47c938639882a27e7ec3dc377a8c5fc,Morning,Fischer Clare,A-,4/4,25,7,A B A,37,2,1,0,0,1,1 2,false,3,0,0,0,0,0,0,0,0,0,4,
909,song-efa91e6f748fdfc274eb1194f3293dc3d5feb0c63f2f1c958a36ca98c20e2ca8,"Most Beautiful Girl In The World, The",Rodgers-Hart,F,3/4,48,12,A B,44,1,1,0,0,1,1 2 3,true,4,0,0,0,0,0,0,1,0,1,4,
910,song-a3454dfdf7377e3eaf8eb25cf11546fce89ce3966f2710dfd8ce25e057a7878a,Moten Swing,Moten Bennie,Ab,4/4,26,7,A B A,28,2,2,0,0,1,1 2,false,2,2,0,0,0,0,0,0,0,0,4,
911,song-d8c04ca23030c7a1dc5c513783c2dc0e82e40b60e4ea7d58903a137f7968dcb2,Mountain Greenery,Rodgers Richard,C,4/4,32,8,A A B A,54,2,0,0,0,0,,false,0,0,0,0,0,0,0,0,0,0,4,
912,song-9bbff50de4ee9a8ccabacf738709105b2938dedca56eabc0dbe76f4a3ab20967,Move,Best Denzil,Bb,4/4,24,6,A B A,20,1,0,0,0,1,,false,4,0,0,0,0,0,0,0,0,0,4,
913,song-60112c80cd6e37cafe4ced93bc36f72fc588f1e509601c0d5a71cca4ae7aacf1,Mr. Day,Coltrane John,F#,4/4,12,3,,6,1,0,0,0,0,,false,6,0,0,0,0,0,0,0,0,0,4,
914,song-1fd8c482249de12061305324c4eb16a05f61e3446369eda529a3a859a7b2f818,Mr. P.C.,Coltrane John,C-,4/4,12,3,,6,1,0,0,0,0,,false,6,0,0,0,0,0,0,0,0,0,4,
915,song-b00c620be3c6d414e452784e46799167da1e526aa82e6f5ef4bc73c7d69c6efd,My Baby Just Cares For Me,Donaldson Walter,A,4/4,32,8,A B C D,35,2,1,0,0,0,,false,4,0,0,0,0,0,0,0,0,0,4,
916,song-7af5b2a05d3f9b825e96ecfa664696244bde0b8d7eabff218a89ca093085cae8,My Buddy,Donaldson Walter,G,3/4,19,5,A,18,2,1,0,1,1,1 2,false,2,0,0,0,0,0,0,0,0,0,3,
917,song-e6cad5e1ca10647147547aeedc2b6141b9fc1067c8ef1283a60dcf4a116731d0,My Favorite Things,Rodgers Richard,E-,3/4,56,10,A B C C,40,1,0,0,0,1,,false,12,2,0,0,0,0,0,0,0,0,4,
918,song-d571f231ff03826028ad21c5601d87d4be25332fa3f3bfc154a3aca262345166,My Foolish Heart,Young Victor,Bb,4/4,32,8,A B A C,56,2,1,4,0,0,,false,0,0,0,0,0,0,0,0,0,0,4,
919,song-72769b870d455325203a633fb2dde125ee88e256a672946d0e0b19f2c4677257,My Funny Valentine,Rodgers Richard,Eb,4/4,36,9,A A B C,53,4,9,10,4,0,,false,0,0,0,0,0,0,1,0,0,0,4,
920,song-44e9f0ba99a417a60e2ee9f2a0a472575b40fceb73d83fa294221f42efa9a61e,My Heart Belongs To Daddy,Porter Cole,C-,4/4,24,6,A B C,20,3,0,0,2,1,,false,8,0,0,0,0,0,0,0,0,0,4,
921,song-6e8d378a3af9d15d4b63fc4d5ca7044cedc6da0d90826006c6f8c7ce851143db,My Heart Stood Still,Rodgers Richard,F,4/4,26,7,A B A,41,2,0,0,0,1,1 2,false,1,0,0,0,0,0,0,0,0,0,4,
922,song-5e9f3dd853a1a332cabc0ebd7a2e76ba09be6f37b599bf3efdd4c12b53e4900e,My Ideal,Whiting Richard,Eb,4/4,16,4,A B,29,4,0,0,4,0,,false,0,0,0,0,0,0,0,0,0,0,4,
923,song-d19347936fc0df191ad3f70740fc1d6da7cb1d1c566264a922c551db71e24e29,My Last Affair,Johnson Haven,C,4/4,26,7,A B A,50,3,3,0,2,1,1 2,false,0,0,0,0,0,0,0,0,0,0,4,
924,song-3b77d5588c6b843bdd37e76bce2f6c0faf969b75358fa436b0251f1d86f15899,My Little Brown Book,Strayhorn Billy,Bb,4/4,28,8,A B C,51,3,1,0,2,1,1 2,false,0,0,0,0,0,0,0,0,0,0,2,
925,song-b5c712307123316de42b94fd2df4a4b25cd1ea7708262e03c43886133f5ecc9d,My Little Suede Shoes,Parker Charlie,Eb,4/4,24,6,A B A,38,2,0,0,0,1,,false,0,0,0,0,0,0,0,0,0,0,4,
926,song-c90c01987987c12441270fec84e9adb08a608942fa9ed685236b8747f9bd1303,My Lucky Star,DeSylva-Brown-Henderson,C,4/4,32,8,A B,40,2,0,0,0,0,,false,0,0,0,0,0,0,0,0,0,0,4,
927,song-c8887a4e965d804a324e52816550ef78ff09950e5a5f49eef8c5c0ccb843a267,My Man's Gone Now,Gershwin George,E-,3/4,22,6,A B,27,2,4,0,0,1,,false,0,0,0,0,0,0,0,0,0,0,3,
928,song-5055ba591aed83a80a4c8dd0394e1022c3874389b1014066315d50a1dcbd7ba3,My Melancholy Baby,Burnett-Norton,Bb,4/4,32,8,A B A C,32,2,0,0,0,0,,false,3,0,0,0,0,0,0,0,0,0,4,
929,song-6521da1f52ebe39c84e4a77e1313b974994f8e9b65538d3c38ddfda68823b5a7,My Old Flame,Johnson-Coslow,F,4/4,26,7,A B A,48,3,0,0,8,1,1 2,false,0,0,0,0,0,0,0,0,0,0,4,
930,song-6a83c8caa30186053792362641542e4a69b4276a89df131407eea14481d404e4,My One And Only Love,Wood-Mellin,C,4/4,25,7,A B A,55,4,0,6,18,1,1 2,false,0,0,0,0,0,0,0,0,0,0,4,
931,song-b10cd24037128ccfa5e82c440d91c1c6db641538f5a6b2f94fa96a4ebee87329,My Romance,Rodgers Richard,C,4/4,32,8,A B A C,63,2,2,0,0,0,,false,0,0,0,0,0,0,0,0,0,0,4,
932,song-21eb0f0d435b25077463b08d34a226a4de835b40630854d634cb5acf623199c9,My Secret Love,Vogel Roger,Eb,4/4,34,9,A B C,28,2,0,0,0,1,1 2,false,7,0,0,0,0,0,0,0,0,0,4,
933,song-c9d0667a550f70c2122ea83ed32c05baa1b76afb970e905359701d931b865262,My Shining Hour,Arlen Harold,C,4/4,32,8,A B,34,2,1,0,0,0,,false,3,0,0,0,0,0,0,0,0,0,4,
934,song-d70228d4368854024e2af7f2418a8f2179027abebb9dd95327034ac9954cc53b,My Ship,Weill Kurt,F,4/4,32,9,A B C,66,4,0,0,6,1,1 2,false,0,0,0,0,0,0,0,0,0,0,2,
935,song-e97083e5fa393ef1c93259609a4b7ffd2a4b6fef58c7066744bc57d93fbbf313,My Song,Jarrett Keith,C,4/4,41,10,i A B,51,2,6,0,4,3,1 2,false,0,0,0,1,2,0,0,1,0,2,4,
936,song-7a2e7f72f6282eb0084812a0e0e3d5895a13a29217ee3820bf516272347d6ea1,My Way,Revaux-Francois-Thibaud-Anka,C,4/4,29,8,A B,37,2,13,1,0,1,1 2,false,0,0,2,0,0,0,0,1,0,0,4,
937,song-26fe7bea2d91c5bb349e74e3a1466ce53ebb325ca834b94b7e8bc6149b823943,Nacada,Metheny Pat,G,4/4,11,4,,23,4,0,0,0,0,,false,0,0,0,0,2,0,0,0,0,1,3,
938,song-719a4ae92249c90ffe8aaff7854fbf15a6ba50e704d2a14e8fdbe1c295f98f89,Naima,Coltrane John,Ab,4/4,25,7,A B A,33,2,22,0,0,1,,false,0,0,0,0,2,1,0,0,0,3,1,
939,song-18f7896917f17e16d56bdb661042fc61f257618f838bd33af502037792d75045,Nancy (With The Laughing Face),Van-Heusen Jimmy,Eb,4/4,26,7,A B A,55,3,2,0,10,1,1 2,false,0,0,0,0,0,0,1,0,0,0,4,
940,song-4469a97251294912901265fcaad86f15534097dad137629e9bf2316290af676c,Nardis,Davis Miles,E-,4/4,24,6,A B A,24,1,0,0,0,1,,false,0,0,0,0,0,0,0,0,0,0,4,
941,song-9947da365d55bb93ad36fdb0b9e8db1417ed95ae9e69f445a8d1e97b721b6519,Nascimento,Harris Barry,C,4/4,34,9,i A B B C,33,2,1,0,0,2,1 2,true,1,2,0,0,0,0,0,0,0,0,2,
942,song-1aaa2c7584fde0c03b9dc4db1ce9c5a002ba8f1339bda8b126a989cd302f6584,Nature Boy,Ahbez Eden,D-,4/4,32,8,A B A C,38,2,0,0,0,0,,false,5,0,0,0,0,0,0,0,0,0,4,
943,song-6a219a9efe17fbca840996931254577942b347009e11bf6d164b88d54731148c,"Nearness Of You, The",Carmichael Hoagy,F,4/4,24,7,A B,35,2,0,2,0,1,1 2 3,true,0,0,0,0,0,0,0,1,0,1,4,
944,song-0e10955dc913de9a348a8848122f9bd9e77a73f0ddc75a57619055c1118293e9,Nefertiti,Shorter Wayne,Ab,4/4,16,4,,16,1,1,1,0,0,,false,0,0,0,0,0,0,0,0,0,0,4,
945,song-4f7b944fb4b6d407df937cd714309cfb0560216fe13d8056ad78cfaaba5fb2ce,Never Let Me Go,Livingston Jay,Bb,4/4,28,7,A B C,43,2,1,0,0,0,,false,0,0,0,0,0,0,1,0,0,0,4,
946,song-1ce4517d509fdd0ff6aec45f0109039b0e1a67df1d19cc93d217071ec09ce827,Never Will I Marry,Loesser Frank,Bb,4/4,24,6,,23,2,0,1,0,0,,false,6,0,0,0,0,0,0,0,0,0,4,
947,song-d70d5ab42b60fd45489ed0b06810064b5612421181a23cdbd379dbd1d981a51a,Nevertheless,Kalmar-Ruby,Bb,4/4,32,8,A A B A,47,2,0,0,2,0,,false,3,0,2,0,0,0,0,0,0,0,4,
948,song-d60436001f7d87550ce2374be8bca07f8df19b2ab922737a4a76f5e340d41551,New Picture,Heath Jimmy,Bb,3/4,48,12,i A B C D,41,2,0,0,0,0,,false,12,0,0,0,0,0,0,0,0,0,4,
949,song-7a0418a02266fb982c4aea8884293e23e5788a124333d8390b602edf1e2ec75b,"New York, New York",Kander John,F,4/4,36,9,A B A,32,2,1,0,0,1,1 2,true,6,0,0,0,0,0,0,0,0,0,4,
950,song-3ec80435256ae1b09bc5e69c9661ecc7ac9696f1a51e05202ba922c29557a4df,Nica's Dream,Silver Horace,Bb-,4/4,40,10,A B,35,2,0,0,0,1,,false,8,0,0,0,2,0,1,1,0,2,4,
951,song-89124d84ae35fbaa1b92cee543dd723161eb401cc949c969ef8b55dbed70626d,Nice 'n Easy,Spence-Bergman-Keith,C,4/4,30,8,A B A,37,2,3,2,0,1,1 2,false,0,0,0,0,0,0,0,0,0,0,4,
952,song-8b2501f08b810b0d3c89742f0b92aef35d4962da1ec7b4cf25c0be62436bda0b,Nice Work If You Can Get It,Gershwin George,G,4/4,27,8,A B A,45,2,0,0,0,1,1 2,false,0,0,0,0,0,0,1,0,0,0,2,
953,song-a5d6e6bd2eedd6837b36a90e98fe0a66f1bbd72a3ccecb74431d671b46ae1f59,Nicolette,Wheeler Kenny,Bb,3/4,28,7,A B C,37,2,8,0,0,2,,false,0,0,0,0,0,0,0,0,0,0,4,
954,song-560f70f8d28c1a5231bb1408f7af1cead45fdf01940d8ebf33269cd3d853ed91,Night And Day,Porter Cole,C,4/4,34,9,A B,26,1,0,2,0,1,1 2,false,8,0,0,0,0,0,0,0,0,0,4,
955,song-89ba4b7921893cb2775f1cd47a23d131e00931e912fff4e097e2651f3adce68b,Night Dreamer,Shorter Wayne,G,3/4,16,4,,24,2,5,0,0,0,,false,2,0,0,0,0,0,0,0,0,0,4,
956,song-fb8f01125af1d47cb3692bd953627eb3a675219e3af70a11276c2c99ebce60e9,"Night Has A Thousand Eyes (Coltrane Changes), The",Jerry-Brainin,G,4/4,37,10,A B,34,2,6,0,1,1,1 2,false,6,0,0,0,0,0,0,1,0,0,4,
957,song-801b57db51ed45027054a4c16eb61bc3448f6429ae1a1980449e427462180b45,"Night Has A Thousand Eyes, The",Jerry-Brainin,G,4/4,33,9,A B,28,1,6,0,0,1,1 2,false,5,0,0,0,0,0,0,0,0,0,4,
958,song-fa2cd5dd2d4e671291138a9cc1aaeaa75b6c4d6485cbe48192496d65fe3047c5,"Night We Called It A Day, The",Dennis Matt,G,4/4,24,6,A B C,41,4,2,2,4,1,,false,0,0,0,0,0,0,0,0,0,0,4,
959,song-ce2ecaba515daf3f96662ebee11ef01461798976c06bd36952a45d218630a94b,No Moe,Rollins Sonny,Bb,4/4,26,7,A B A,38,2,0,0,0,1,1 2,false,4,0,0,0,0,0,0,0,0,0,4,
960,song-a2f8f50bf4ee9f599789304b5e29e477cecbff5344e1d446e3ddadeb5cdf735d,No Moon At All,Mann David,D-,4/4,24,6,A B A,28,3,10,0,4,1,,false,3,0,0,0,0,0,0,0,0,0,4,
961,song-a5ea58587f83208207c378ea1367a81e144c6ecd842febc29eefb7c899acfd83,No Splice,Konitz Lee,G-,4/4,32,8,A B,34,2,1,0,0,0,,false,4,0,0,0,0,0,0,0,0,0,4,
962,song-af53bb156a5e75e5a9e963aaf60cb6724a4277f059d025ba86fa6692921c7678,Nobody Else But Me,Kern Jerome,C,4/4,36,9,A B A C,48,2,2,6,0,0,,false,1,0,0,0,0,0,0,0,0,0,4,
963,song-75ad0430ba2bddf17fa6faf07e6ac35576516eb2c4b0326b5a4e34a227f70ff5,Nobody Knows You When You're Down And Out,Cox Jimmy,F,4/4,16,4,,34,4,0,0,16,0,,false,0,0,4,0,0,0,0,0,0,0,4,
964,song-4f04d02b9a05cfe8a4cbead7374e52f46a0ff90b16087ce3376364033e1f9af6,Nostalgia,Navarro Fats,G,4/4,40,10,i A B A C,39,2,0,0,0,0,,false,8,0,0,0,0,0,0,0,0,0,4,
965,song-ce8a80c0ec1662bed63949ab598eb2c99283f020c2c02bfbacf1bb9dc98de65a,Nostalgia In Times Square,Mingus Charles,F,4/4,12,3,,23,2,0,0,0,0,,false,0,0,0,0,0,0,0,0,0,0,4,
966,song-d00c20a793561a793fe6de4c740739ca4e2bef707988c882622358b88db67f55,Nothing Personal,Grolnick Don,G-,4/4,28,7,i A,9,2,0,1,0,1,,false,20,0,0,0,0,0,0,0,0,1,4,
967,song-7f79a7194777a697e21a05cd2b27c58dc31bf21880524e93155deb324ca1aaed,November 15,Garrett Kenny,Bb-,4/4,27,7,A B C,28,2,0,0,0,0,,false,2,0,0,0,0,0,0,0,0,0,3,
968,song-43437563b49e5fb13dfefd7752f366b611d7417cdc931b244dd4ed9a00b31b15,Now's The Time,Parker Charlie,F,4/4,12,3,,16,2,0,0,0,0,,false,0,0,0,0,0,0,0,0,0,0,4,
969,song-c7f3efb0820f1d37c8085c64b55294566f3ef243028983a5922d93f802979782,Nuages,Reinhardt Django,G,4/4,32,8,A B,28,2,7,0,0,0,,false,7,0,0,0,0,0,0,0,0,0,4,
970,song-4d44dd69cb261658592399922a1593a6bbfb62088958522c20ec80a9e280f4cc,Nutty,Monk Thelonious,Bb,4/4,25,7,A B A,47,3,2,0,8,1,1 2,false,0,0,0,0,0,0,0,0,0,0,4,
971,song-438a8e4e108b1d89253fc1c1bc802a9e3f02108c46569ed4142bc05c142e6379,Nutville,Silver Horace,C-,4/4,29,8,A B,18,2,0,0,1,0,,false,12,0,0,0,2,0,0,4,0,1,1,
972,song-9b6c79ea2b7177b8baff89693757002bb6feb833a0d9f623fa2454da640225b1,O Grande Amor,Jobim Antonio-Carlos,A-,4/4,32,8,A B A C,32,2,1,0,0,0,,false,1,0,0,0,0,0,0,0,0,0,4,
973,song-205598ccbffe90787ac6480e8ee3dd0faeacb0a5ca90d947c23d50fe1e65340d,Oblivion,Powell Bud,Eb,4/4,20,5,,18,1,0,5,0,1,1 2,false,2,0,0,0,0,0,0,0,0,0,4,
974,song-f942b03a940587afe2d09f6938cc274d2978ca16c9b6a24a4caaf58e09654ea1,"Odd Couple, The",Hefti Neal,F,4/4,24,6,,29,2,0,0,0,1,1 2,true,6,0,0,0,0,0,0,0,0,0,4,
975,song-5213fe1d26ded739b816d8d67c8754ce884f1865899ae669b554e5c843559827,Off Minor,Monk Thelonious,G-,4/4,24,6,A B A,30,2,0,0,0,1,,false,3,0,0,0,0,0,0,0,0,0,4,
976,song-14911d742e2a3fbe196f5695fb1b715f8a22f565eda633209bc46ce2c5ae5f0d,"Oh, Lady Be Good",Gershwin George,G,4/4,26,7,A B A,36,2,0,0,0,1,1 2,false,0,0,0,0,0,0,0,0,0,0,4,
977,song-b3d369e670b6ce20fb309ca3f76829a783a5d7d56c0e4617194103dd8c579f15,"Oh, What A Beautiful Mornin'",Rodgers Richard,Eb,3/4,38,10,A B,37,2,7,0,0,1,1 2,true,3,0,0,0,0,0,0,0,0,0,4,
978,song-71d857c9d5dd4fb14071e4665e55280efddcd4956d143ee86faad40f069693e9,Oh! Look At Me Now,DeVries-Bushkin,Ab,4/4,26,7,A B A,46,4,0,0,15,1,1 2,false,1,0,2,0,0,0,0,0,0,2,4,
979,song-a1fd4949f6a84ae1dfe905789c7880e58d9b4fe8e590be6eceddf9f03ea25e8a,Ol' Man River,Kern Jerome,Eb,4/4,26,7,A B A,43,4,0,0,8,1,1 2,false,6,0,0,0,0,0,0,0,0,0,4,
980,song-49d36f5331831b6d8014a29d299599516c35056ee57c519a01b0d0aeb98fd0d2,Old Cape Cod,Rothrock-Vakus-Jeffrey,Eb,4/4,27,7,A B A,44,3,0,0,2,1,1 2,false,0,0,0,0,0,0,0,0,0,0,4,
981,song-e901d5df5567818a4660df77227ff7876f85dca88dc0dbe6fa764eb41318c664,"Old Country, The",Adderley-Lewis,D-,4/4,24,6,i A,28,2,0,0,0,0,,false,2,0,0,0,0,0,0,0,0,1,4,
982,song-f5786b64beb438c12430343c270b9a8799b1529690f960e8a3fa2de8d46c3abf,Old Devil Moon,Lane Burton,F,4/4,32,8,,34,2,0,0,0,1,1 2,true,2,0,0,0,0,0,1,0,0,1,4,
983,song-b3c58d5e8e3707c4c12ce8b455d95058ccf6ced7b781edebf235f68347202ade,Old Folks,Robison Willard,F,4/4,26,7,A B A,54,4,0,0,18,1,1 2,false,0,0,0,0,0,0,0,0,0,0,4,
984,song-d7d583dddb009e10e9d2efb45875d724d358ce1564902633c40c603d84d5b5ed,Oleo,Rollins Sonny,Bb,4/4,26,7,A B A,38,2,0,0,0,1,1 2,false,4,0,0,0,0,0,0,0,0,0,4,
985,song-d6281ab33729e2e52bddba98281528c786004fc218d437b2e48e3452521b0b17,Oliloqui Valley,Hancock Herbie,C,4/4,20,5,,12,2,3,1,0,1,1 2,true,9,0,0,0,0,0,0,0,0,0,4,
986,song-103fab0b9ab846d61fdb5f4a22719be00471ff900a3b39e9a9983e8ffaae40ab,On A Clear Day,Lane Burton,G,4/4,34,9,A B C,31,2,0,0,0,0,,false,6,0,0,0,0,0,0,0,0,0,2,
987,song-06242627368e57496868e6eea07ffe1e8ecf80370acc7b1cb5380ca999aee4c5,On A Misty Night,Dameron Tadd,Eb,4/4,30,8,i A B A,48,3,0,0,4,1,1 2,false,2,0,0,0,0,0,0,0,0,0,4,
988,song-7d775c0e2b6d24bb76c4940b35730ac8883114bed948d0bf6471c6275f0717d6,On A Slow Boat To China,Loesser Frank,Bb,4/4,32,8,A B A C,35,2,6,0,0,0,,false,1,0,0,0,0,0,0,0,0,0,4,
989,song-9229d15e634498a42503a9bc0bbe44ae8ac65246d6ddf63a38744700f2f1ca55,On Broadway,Mann-Weil-Stoller-Leiber,F,4/4,16,4,,10,2,0,0,0,0,,false,11,0,0,0,0,0,0,0,0,0,4,
990,song-3fb0627e1879b34512507161616e94a37d0cfdd611cd178ed502c4f4a77f9bfd,On Green Dolphin Street,Kaper Bronislau,Eb,4/4,32,8,A B A C,35,2,6,0,0,0,,false,5,0,0,0,0,0,0,0,0,0,4,
991,song-d3ac0d0e9ab6d352512214f1d2cce56a75ede34d8162f0b6765306939c4a3bec,On The Street Where You Live,Loewe Frederick,Bb,4/4,50,7,A B A,48,2,2,0,12,1,1 2,false,4,2,0,0,0,0,0,0,0,0,8,
992,song-1f651851d8cf20ec131c856d59a15ccad74e6cf8321b3abfd7b2671d89571fb0,On The Sunny Side Of The Street,McHugh Jimmy,C,4/4,26,7,A B A,34,4,4,0,4,1,1 2,false,1,0,0,0,0,0,0,0,0,0,4,
993,song-c9f914624f64b4537263c25dc7bfb8d3ecfa6b847067fcfda897840a83a2bcb5,On The Trail,Grofe Ferde,F,4/4,16,4,,15,2,0,0,0,0,,false,3,0,0,0,0,0,0,0,0,0,4,
994,song-3beb64c4e465ecbec7ca61c4b25605a4efdd2f18b55122561886ec7b5a328b54,Once I Loved,Jobim Antonio-Carlos,D-,4/4,30,8,,28,2,1,0,0,1,1 2,true,3,0,0,0,0,0,0,0,0,0,4,
995,song-33e46e116b3cd6bb0cf1c4eb6198846dd9ef80246fe0cf07bed30a20c90b8499,Once In A While,Edwards Michael,Eb,4/4,32,8,A A B A,62,3,0,0,2,0,,false,0,0,0,0,0,0,0,0,0,0,4,
996,song-01001002ac2aece124747288ac8e759096368c1f12df6bcd9b344e3da267ff50,Once Upon A Summertime (La Valse Des Lilas),Legrand-Barclay-Marnay-Mercer,F-,3/4,34,9,A B C D,37,2,0,0,0,0,,false,0,0,0,0,0,0,0,0,0,0,2,
997,song-770ae967b8f53a08f463e94acf654717cdeb296ff0cc2a8bb9f720f049be1567,One By One,Shorter Wayne,G-,4/4,28,7,i A B A,42,2,3,10,0,2,,false,3,0,0,0,0,0,0,0,0,3,4,
998,song-d530c53b2a0104761fc5c107f85b9e88afeabd37b6ce58f2fdccf806f667e2de,One Finger Snap,Hancock Herbie,Eb,4/4,20,5,,10,1,0,0,0,0,,false,10,0,0,0,0,0,1,0,0,0,4,
999,song-fdcf0dc07b7b27dbfad0670e2e22b2ecb2cc6acd876b0f313cb8fd57a1b6aaef,One Foot In The Gutter,Terry Clark,F,4/4,27,7,A B A,35,2,0,0,0,1,1 2,false,3,0,0,0,0,0,0,0,0,2,4,
1000,song-4dea3df88b07df87365aaeaaf37b8ef4a548c4477963c08dba59c249a3873ed8,One For My Baby,Arlen Harold,Eb,4/4,47,12,A B C,72,4,8,0,12,1,1 2,true,10,0,0,0,0,1,0,0,0,0,4,
1001,song-a59568cfba53e618bf637d1985d0ec1b5dad1bcd1e70c095e0c1ebc2ef7c4939,"One I Love (Belongs To Somebody Else), The",Jones Isham,G,4/4,32,8,A B,37,2,0,0,0,0,,false,4,0,0,0,0,0,0,0,0,0,4,
1002,song-4407052a4c156e6d78885ed158a79fe3e370e02f7f965460e837d1b41db391a7,One Morning In May,Carmichael Hoagy,G,4/4,36,9,A B,39,2,0,0,0,1,1 2,false,3,0,0,0,0,0,0,2,0,0,4,
1003,song-81a42fc69d589db96ea39c83142f3dd7ed97b9ec0b4b3b97fd529375eb88766a,One Note Samba,Jobim Antonio-Carlos,Bb,4/4,40,10,A B A,41,2,0,0,0,0,,false,1,0,0,0,0,0,0,0,0,0,4,
1004,song-1de08be7998a828695abe3014876bcd44022347e543df6dd7113480be36ccc44,Only Trust Your Heart,Carter Benny,C,4/4,34,9,A B A C,41,2,3,0,0,1,1 2,false,0,0,0,0,0,0,1,0,0,0,4,
1005,song-82d45cd2f4a506bf4db5870289d02322ac7e9bd7c740b85179a7945043ad0a6b,Onmo,Wheeler Kenny,Db,4/4,16,4,A,13,1,3,0,0,0,,false,3,0,0,0,0,0,0,0,0,0,4,
1006,song-c3b742d7083f5f113dd7e598acd5e62ba70557e0c4972ddb68fc1c3565309604,"Opener, The",Evans Bill,C,4/4,26,7,A B,43,2,0,1,0,1,1 2,false,1,0,0,0,2,0,0,0,0,1,2,
1007,song-9fc71475a1d6c49ff34ac11d0f2eb2fc59bf1ff293334426469c1b50f332a8af,Opus De Funk,Silver Horace,Bb,4/4,12,3,,11,2,1,0,0,0,,false,3,0,0,0,0,0,0,0,0,0,4,
1008,song-19c0a7e8efd47bd1384c3aa2b8d9145057b62d7d5777de292b143d5ab5f340df,Orange Colored Sky,DeLugg-Stein,Bb,4/4,25,7,A B A,45,4,4,0,4,1,1 2,false,0,0,0,0,0,0,0,0,0,0,4,
1009,song-6857acee50471d62c66a0c7470ce5d38597d66b94b4e18148d6a48634de5bba7,Oriental Folk Song,Shorter Wayne,G-,4/4,16,4,A B,16,1,0,1,0,0,,false,0,0,0,0,0,0,0,0,0,0,4,
1010,song-e22823508467bdb5d62d39b7d0698cf2a7fe666d3e7bdd4d643b00fe3a16d9fb,Ornithology,Parker Charlie,G,4/4,32,8,A B A C,35,2,0,0,0,0,,false,4,0,0,0,0,0,0,0,0,0,4,
1011,song-df73a085a36e82cfd943cd551297abc426efcbfb2151a1365338f43e1147b2b7,Our Delight,Dameron Tad,Ab,4/4,26,7,A B A,34,2,0,0,0,1,1 2,false,1,0,0,0,0,0,0,0,0,0,4,
1012,song-cd010634d197c0ba99f763533d0c43e1fe07b14b1d28a120c4f620ea86b27ca7,Our Love is Here to Stay,Gershwin George,F,4/4,32,8,A B A C,55,2,0,0,0,0,,false,0,0,0,0,0,0,0,0,0,0,4,
1013,song-138549093c35236829f991a2a62996213d2bae53c7a12d4990c29b8a07f80ef7,Out Of Nowhere,Green Johnny,G,4/4,32,8,A B A C,29,2,0,0,0,0,,false,6,0,0,0,0,0,0,0,0,0,4,
1014,song-c3ed0d996462c1cf292b890151d8b07e9f7d24720efe10c4b87270f7fa6975a2,Out Of This World,Arlen Harold,Eb,4/4,38,10,A B,34,2,2,0,0,1,1 2,false,6,0,0,0,0,0,0,2,0,0,2,
1015,song-8c9543b1461f66adfd621290c0c5bd2aabb87b33c9d17939dea8bf7e4c4ac09c,Over The Rainbow (Somewhere),Arlen Harold,Eb,4/4,44,11,v A B A,79,2,1,5,0,1,,false,0,0,0,0,0,0,0,0,0,0,4,
1016,song-494400d680c96ecc557b9884705dc244971f7b8c4d9cfa456d2a08dcf99fd324,P.S. I Love You,Jenkins Gordon,Eb,4/4,26,7,A B A,39,2,0,0,0,1,1 2,false,1,0,0,0,0,0,0,0,0,0,4,
1017,song-5dfa04bbeafe1afadb62da13826eb608754f6dc6136f400d5e40c6cdf392b167,Palo Alto,Konitz Lee,F,4/4,32,8,A B A,27,2,0,0,0,0,,false,8,0,0,0,0,0,0,0,0,0,4,
1018,song-3ff8e8161eea6c0cccebad054b9a4dbf1cb638fe56e18602b1906b5a3bc54a73,Pannonica,Monk Thelonious,C,4/4,25,7,A B A,49,3,0,0,10,1,,false,0,0,0,0,0,0,0,0,0,0,1,
1019,song-72c2e08c62d1b086347f08aa776f52fdb3a6737ee5134b7924c1490bd35acf0f,Paper Doll,Black Johnny,F,4/4,16,4,A,25,3,3,0,2,0,,false,0,0,1,0,0,0,0,0,0,0,4,
1020,song-5eeaa24efdce979444760247c07f79bb58d5576121f38187bb4a05907e6839e2,Parisian Thoroughfare,Powell Bud,F,4/4,25,7,A B A,40,2,0,0,0,1,1 2,false,0,0,0,0,0,0,0,0,0,0,4,
1021,song-e79de1eed2f98256c874ebed7e92237b4764a63b9c6ceac4c37e534409e63519,Parker's Mood,Parker Charlie,Bb,4/4,12,3,,9,1,0,0,0,0,,false,3,0,0,0,0,0,0,0,0,0,4,
1022,song-6909d5b40577006fc0848a56494c670fc178887142212ad39e80b2a9cb6cef5f,"Party's Over, The",Styne-Comden-Green,Eb,4/4,36,9,A B,37,2,0,0,0,0,,false,2,2,0,0,0,0,0,0,0,0,4,
1023,song-89b1928ebc7d1ce351be1c194ee6b41ecff85cc7b8e8ed818cc114556deaa7a7,Passion Dance,Tyner McCoy,F,4/4,24,6,A B,9,2,3,0,0,1,,false,16,0,0,0,0,0,1,0,0,0,4,
1024,song-9d1629835d64302db364ae480491dcedbc4b257ee8bd67edbd2ee3f06417dc0c,Passion Flower,Strayhorn Billy,G,4/4,24,6,A B A,29,4,0,0,4,1,,false,2,0,0,0,0,0,0,0,0,0,4,
1025,song-0477e017b31b83d9643a25c3bbb099d464606c30c0d08c5157486cb832c0e5d1,Passport,Parker Charlie,Bb,4/4,26,7,A B A,38,2,0,0,0,1,1 2,false,4,0,0,0,0,0,0,0,0,0,4,
1026,song-c672a2e2c212bb97fdaf86d2c4eb3b92789d3d77fa307f27278f52fd622086f1,Peace,Silver Horace,Bb,4/4,10,3,,18,3,0,0,2,0,,false,0,0,0,0,0,0,0,0,0,0,2,
1027,song-0a4783d820ee9e7558865f9ee09f2b71c16d8f4aaef541151f87857c81e5fa93,"Peacocks, The",Rowles Jimmy,Bb-,4/4,25,7,A B A,40,2,0,0,2,1,1 2,false,2,0,0,0,0,0,0,0,0,0,4,
1028,song-f1a84c18b28e4a2921f99273a44000a18ce5d7e17e1d7ee9dcf26915b63ff807,Pee Wee,Williams Tony,Db,3/4,21,5,,19,2,8,5,0,0,,false,3,0,0,0,0,0,0,0,0,4,5,
1029,song-6ee6c97e8f14bb8b0bf11aae7a3979abaf5aa1978b4c0ef4cb5390e1b3fb8fdd,Peel Me A Grape,Frishberg Dave,D-,4/4,25,7,A B,37,3,2,0,4,1,1 2,false,3,1,0,0,0,0,0,2,0,0,4,
1030,song-1ed2050adf509da16fa3bb499d3f14fe7479b7b1b0bf90709895acfb13654e6a,Peggy's Blue Skylight,Mingus Charles,Db,4/4,32,8,A B C,31,2,0,0,0,1,,false,3,0,0,0,0,0,1,1,0,0,4,
1031,song-7b5f4dee6017fd7b0ae83b6cb3cd3b30ab0c76ec2cb34daaca87ec21072ec8c2,Pennies From Heaven,Johnston Arthur,C,4/4,32,8,A B,35,2,0,0,0,0,,false,4,0,0,0,0,0,0,0,0,0,4,
1032,song-5a974164c54e9a3bf0715458f63d3b97610811b12d7f46f8a4436e359cc7b532,Pensativa,Fischer Clare,Gb,4/4,35,9,A B,39,2,1,2,0,1,1 2,false,1,0,0,0,0,0,1,2,0,0,4,
1033,song-9a8057fa6e0ddd6c9d5e14ee3e26d0b40b68178fdecefb7f6033b4ce1655061a,Pent Up House,Rollins Sonny,G,4/4,16,4,,13,1,0,0,0,0,,false,3,0,0,0,0,0,0,0,0,0,4,
1034,song-91a52b0e8d6a172f729caf50c8a90c91a4669d07af6e99939666ea72cf19f5b9,Penthouse Serenade,Jason-Burton,F,4/4,26,7,A B A,35,2,0,0,0,1,1 2,false,2,0,0,0,0,0,0,0,0,0,4,
1035,song-ad256ee59c6b9e88eb17e6c4a3a90c7f8885a51963af2953f1490917231c7713,People,Styne Jule,Bb,4/4,46,12,A B A C,65,2,10,0,2,0,,false,2,0,8,0,0,0,0,0,0,0,2,
1036,song-1585dd4315c9392926377549bb014d1c866637ef4192013110b18dd040d3b8f3,People Will Say We're In Love,Rodgers Richard,C,4/4,35,9,A B D,40,2,0,2,0,1,1 2,false,4,0,0,0,0,0,0,0,0,0,4,
1037,song-a1b4ec1ad97ed7d63dfd356fe422ca29fcc94b673a38a87cc2cac43165537117,Perdido,Tizol Juan,Bb,4/4,26,7,A B A,25,2,0,0,0,1,1 2,false,5,0,0,0,0,0,1,0,0,0,4,
1038,song-5248cc641289f892da7fa5c6733c370f15620c2031b53103558b5ffa821b0306,Perhaps,Parker Charlie,C,4/4,14,4,,13,2,0,0,0,0,,false,4,0,0,0,2,0,0,0,0,1,2,
1039,song-7eace9d9c13ef51be66d938dd209356a8de3d96d1a26c5ab97706bc2b84bd624,"Perhaps, Perhaps, Perhaps",Farres-Davis,E-,4/4,24,6,A B A,28,2,0,0,0,1,,false,4,0,0,0,0,0,0,0,0,0,4,
1040,song-fc0b3d80e2fef00a699e166008f64492117ed35cf318ae9def0dd4204b7b9af1,Peri's Scope,Evans Bill,C,4/4,24,6,,37,2,0,0,0,0,,false,1,0,0,0,0,0,1,0,0,0,4,
1041,song-284d0ca8a7eaa8819b554a9c1980c80c25ca3541a792b14df979cfed2e7f63c0,Petit Fleur,Bechet Sidney,G-,4/4,48,12,A B C D,34,2,0,0,0,0,,false,16,0,0,0,0,0,0,0,0,0,4,
1042,song-633e891745d2bcf0dc4005c7322c330c1494203c130671d0b1affc902f7d60ba,Pfrancing (No Blues),Davis Miles,F,4/4,12,3,,16,2,0,0,0,0,,false,0,0,0,0,0,0,0,0,0,0,4,
1043,song-adcf0017d15c564ddc57d06286173f8fb5016254aa17f4cbfdbfed18e04ec42f,Phase Dance,Metheny Pat,B-,4/4,24,6,A B A,6,1,0,0,0,1,,false,18,0,0,0,0,0,0,0,0,0,4,
1044,song-01cab23129b8d1537341cf494f2132c3bf8d731f1cabdcec52840b1a95768bbf,Pick Yourself Up,Kern Jerome,F,4/4,32,8,A B C A,53,2,0,0,0,0,,false,2,0,0,0,0,0,0,0,0,0,4,
1045,song-6f357f28dbd914462a3fb35e1f72f9653d0d93140648bdaec6fd2d78c4d6e672,Ping Pong,Shorter Wayne,C,4/4,32,8,i A B,34,2,0,0,0,2,,false,0,0,0,0,0,0,0,0,0,0,4,
1046,song-ef8df45dc3f9e8f7a1ea4cce019ddafceaae4a52177ec3933ac498ef6c9b1d98,"Pink Panther, The",Mancini Henry,E-,4/4,16,4,,10,2,0,0,0,0,,false,7,0,0,0,0,0,0,0,0,0,4,
1047,song-c2749950f14def0f3379355130656f7f926955e73b80b202c5e66eead3b6809d,Pinocchio,Shorter Wayne,Eb-,4/4,18,5,,16,2,0,3,0,0,,false,3,0,4,0,0,0,0,0,0,0,2,
1048,song-4c562a1af30a63a35effe72717bb1b1ab0bea25e42d7377d450a4d6ba46e3a9b,Played Twice,Monk Thelonious,C,4/4,16,4,A B C,14,2,0,0,1,0,,false,2,1,0,0,0,0,0,0,0,0,4,
1049,song-abe4176122d26f2a9fb5efd727ce43c471ab97c80197fc2d225a87c34205a92a,Poinciana,Simon Nat,D,4/4,32,8,i A B A,20,2,2,0,0,2,,false,14,0,0,0,0,0,0,0,0,1,4,
1050,song-cd9ef42f42397c7e5b571e1a1b35460bd71165d3ad2ace46d7e0d7579aeeafe2,Polkadots And Moonbeams,Van-Heusen Jimmy,F,4/4,25,7,A B A,58,4,2,0,16,1,1 2,false,0,0,0,0,0,0,0,0,0,0,4,
1051,song-e721cf96f989c5ebf3b6099521cc5e51f43c982a471ab7ddfbce911d366d7338,Poor Butterfly,Hubbell Raymon,Ab,4/4,32,8,A B A C,40,2,1,0,0,0,,false,3,0,0,0,0,0,1,0,0,0,4,
1052,song-bbd56d1c267be41f2a271671187f971f0ea1333cdfda03ef2fea9076ba2e2800,Popsicle Toes,Franks Michael,A-,4/4,40,10,A B C,37,2,3,0,0,0,,false,9,0,0,0,0,0,0,0,0,0,4,
1053,song-a9b00af09965ffc27a31f446a36cc3f17bb0dbdd45e6a21b20c4ed5ff4ee3fc4,Portrait Of Jennie,Burdge-Robinson,Eb,4/4,26,7,A B A,42,3,0,0,2,1,1 2,false,0,0,0,0,0,0,0,0,0,0,4,
1054,song-50a0c2d2fb16b58d4706996f80c43d554a104dd40df026504958ef07d86d3a80,"Preacher, The",Silver Horace,F,4/4,16,4,,18,2,2,0,0,0,,false,2,0,0,0,0,0,0,0,0,0,4,
1055,song-74dfbfcc8fb0b6e9e65adac55a9da854ba21114cdb81f870ecc53f50cd5f8e7d,Prelude To A Kiss,Ellington Duke,C,4/4,25,7,A B A,57,4,0,0,14,1,1 2,false,0,0,0,0,0,0,1,0,0,0,4,
1056,song-08cc4370bb9ffacfc50eb738131f837e7d3f525bda7a1b4dab9a1677bf7389ea,Pretend,Douglas-Parman-Lavere,C,4/4,26,7,A B A,22,2,0,0,0,1,1 2,false,8,0,0,0,0,0,0,0,0,0,4,
1057,song-9a051c8d3f276fe328a3992313d803f4c42330704d0125bff5a634ac1218ff72,Prince Of Darkness,Shorter Wayne,C-,4/4,16,4,,11,2,0,0,0,0,,false,6,0,0,0,0,0,0,0,0,0,4,
1058,song-240f6ef6540ef65a0b8bf41a2d2b0357a148d214a9ff439d2f3c5f3d4bb5a42f,Prism,Jarrett Keith,G-,4/4,32,8,A B,51,3,11,0,2,0,,false,0,0,0,0,0,0,0,0,0,0,4,
1059,song-f1a1f53dff3d5d7426fd94290fa42d2f4f75d55448f7ff235aa2842042c85877,Progression,Konitz Lee,F,4/4,32,8,A B C A,38,2,0,0,0,0,,false,0,0,0,0,0,0,0,0,0,0,4,
1060,song-06be06a22662eaf7292582f394382dbfa9f97634b5b8fe086c8639f827b5e8b4,Punjab,Henderson Joe,C,4/4,22,6,i A B,28,3,0,0,4,1,,false,3,0,4,0,0,0,0,0,0,0,4,
1061,song-8eb9713dc8924869db7e2e9876db05b24cf709cb58e185a0604402b615956a7d,Pure Imagination,Newley Anthony,Eb,4/4,29,8,A B A,40,3,0,0,4,1,1 2,false,2,0,0,0,0,0,0,0,0,0,2,
1062,song-92e956b304aa7f1a28ded6968c6d353d29c8b1269d8027281b2e8504af84e344,Pursuance,Coltrane John,Bb-,4/4,12,3,,6,1,0,0,0,0,,false,4,1,0,0,0,0,0,0,0,0,4,
1063,song-a3da87e4863f482d6c3a77acb6692c68ec4ca3c74b8f94b08166aa205ce3f650,Put On A Happy Face,Strouse Charles,Eb,4/4,32,8,A B C D,62,2,1,0,0,0,,false,0,0,0,0,0,0,0,0,0,0,4,
1064,song-ba5d30d448882548e63d033b901a75ca1dc47717459e2d1cb01ae3e82f57afaf,Puttin' On The Ritz,Berlin Irvin,F-,4/4,42,11,v A B A,52,2,4,0,0,1,1 2,false,4,2,0,0,0,0,0,0,0,0,4,
1065,song-eaba31f7adf317b9aca01bac73c7fd6582c6aa412abb7851b2309a413592e9a1,Quasimodo,Parker Charlie,Eb,4/4,32,8,A B,46,2,1,0,0,0,,false,0,0,2,0,0,0,0,0,0,0,4,
1066,song-51b2b1d55dbb504e64b92fdc31e88b026fd2458ddc568405a30d20ae1d14d9d2,Questar,Jarrett Keith,Bb,4/4,31,8,i A B,38,2,14,0,0,1,,false,2,0,0,0,0,0,0,0,0,0,3,
1067,song-e21b3c6fdf107f230769e430cf659b30fd20eaca9440be7c527c84e0b903e79c,Question And Answer,Metheny Pat,D-,3/4,40,10,A B A,46,2,2,0,0,1,,false,0,0,0,0,0,0,0,0,0,0,4,
1068,song-93a31d6e79a46e744696a8e66d46d3e39d1ef836c2068eb3d611d1c6ac5b8481,Quiet Now,Zeitlin Denny,C,4/4,34,9,A B C A,78,4,4,2,28,0,,false,0,0,0,0,0,0,0,0,0,0,2,
1069,song-d0d102b6018bed1b223e8a16f0fc7ab1e43dd21b0f54cf07506e09f11defe49f,Radio,Swallow Steve,F,4/4,31,8,,42,2,0,0,0,0,,false,0,0,0,0,2,3,0,0,0,0,4,
1070,song-a98f0b887923585e4e8c15189ef4de39638c5b8c3a83bceeaa0754254ec07590,"Rainbow Connection, The",Williams-Ascher,G,3/4,27,8,A B,23,1,0,0,0,1,1 2,false,4,0,0,0,0,0,0,0,0,0,2,
1071,song-43fb13a1be0dc06870579ef86bc641b3f3570fe8e670d3858940ef48cd84c65e,Raincheck,Strayhorn Billy,F,4/4,24,6,A B C,45,2,5,0,0,1,1 2,true,0,0,0,0,0,0,0,0,0,0,4,
1072,song-4e158895116d0a961ae08f6319f1d6ca039c025e2ca39306d040f7ee312897c5,Re: Person I Knew,Evans Bill,C,4/4,16,4,,14,1,10,0,0,0,,false,2,0,0,0,0,0,0,0,0,0,4,
1073,song-36d9bd721d69d8b819bbee67b9c2a4ecb9ccf25a22acc1e4020ca4d6c8d81a86,Recado Bossa Nova,Ferreira Djalma,G-,4/4,28,7,A B,18,1,0,0,0,1,1 2,false,10,0,0,0,0,0,0,2,0,0,4,
1074,song-47125f6743f18ac727efbd84873a42daa9f70e6e740647d248805898fb121d4e,Recordame,Henderson Joe,A-,4/4,16,4,,15,2,0,0,0,0,,false,5,0,0,0,0,0,0,0,0,0,4,
1075,song-7fa1230682a609d907c92f0f42789aa327b8967a24ea98386cb66e191a828e0c,Red Clay,Hubbard Freddie,C#-,4/4,8,2,,12,2,0,0,0,2,,false,0,0,0,0,0,0,0,2,0,1,4,
1076,song-a0f5d0a3286ff9b0c66da22550e64eba9ff971e8348b64f0618fae8d09b07028,Red Top,Hampton Lionel,F,4/4,12,3,A,12,2,0,0,0,0,,false,4,0,0,0,0,0,0,0,0,0,4,
1077,song-2fbe6714d00d9f159529db2a5ae7779867d5493bd4f24341602161dbbb6c69f4,Reflections,Monk Thelonious,Ab,4/4,25,7,A B A,52,4,0,0,16,1,1 2,false,0,0,0,0,0,0,0,0,0,0,4,
1078,song-0869f1bde161b5597fe7a08f687a39892fcd981e245de151965b2e43cda067bd,Reincarnation Of A Lovebird,Mingus Charles,F#-,4/4,66,9,A B C D A,74,2,0,0,8,0,,false,1,0,0,0,0,0,0,2,0,0,6,
1079,song-449adc19bfef16ab8dcfc3e030000f4ddd29224cbd03da986ed34ae5b142c42f,Relaxin' At Camarillo,Parker Charlie,C,4/4,12,3,,10,2,0,0,0,0,,false,4,0,0,0,0,0,0,0,0,0,4,
1080,song-4ed70d658616b7349a6a13cf5a2bfd0e0444104e75992cea75821f8930902615,Remember,Berlin Irving,Ab,4/4,24,6,A B A,28,2,0,7,0,1,,false,0,0,0,0,0,0,1,0,0,0,4,
1081,song-83cc552d0e9a474c27187708728faee93713ef97211e0e9d4deb1954ce79b9fb,Repetition,Hefti Neal,Db,4/4,32,8,A B A C,35,2,0,0,0,0,,false,4,0,0,0,0,0,0,0,0,0,4,
1082,song-a73e90c50ce78471ad4e6caf24d4784ca06ba503a17da6a0bad350edb9eca668,Resolution,Coltrane John,Eb-,4/4,32,8,A B C,19,1,0,0,0,0,,false,9,2,6,0,2,0,0,0,0,1,4,
1083,song-dc7273749ea152f45e175fc4ad4727c00217ce6526595019afb161aea9d9d827,Rhythm-a-ning,Monk Thelonious,Bb,4/4,24,6,A B A,36,2,4,0,0,1,,false,4,0,0,0,0,0,0,0,0,0,4,
1084,song-2a0f4abf6a68fe42b6e4accd839b4aef20d650ae2f888375c1853fd4d84e6328,Road Song,Montgomery Wes,G-,4/4,24,6,A B A,30,2,2,0,0,1,,false,2,0,0,0,0,0,0,0,0,0,4,
1085,song-4464bf15ccd47e1f9342fb6dd2f3ce25dc6d06a6509079c2bde965fb58b5f226,Robbin's Nest,Thompson-Jacquet,C,4/4,26,7,A B A,26,2,0,0,0,1,1 2,false,8,0,0,0,0,0,0,0,0,0,4,
1086,song-ad577a149dbed6264f72854ec07e509bd8e852519dc25bf5d5425a7a55ed393c,Rockin' Chair,Carmichael Hoagy,Eb,4/4,32,8,A B A,39,2,0,0,0,0,,false,2,0,0,0,0,0,0,0,0,0,4,
1087,song-75d8121daf9028bce16979f994aee5265944e4e32ccdb4ca639d21852353cd0f,Room 608,Silver Horace,Bb,4/4,33,9,i A B A,51,3,4,0,2,1,1 2,false,1,0,0,0,0,0,0,0,0,1,4,
1088,song-c3353bf09aeef39072c6d206674dbcb64a73c1991237a45b6b5048565dda78c9,Rose Room,Hickman Art,Ab,4/4,32,8,A B A C,29,2,0,0,0,0,,false,5,0,0,0,0,0,0,0,0,0,4,
1089,song-16e79481ed2de56b677205635c60dd4f924dfa4fe932163a6bc2f2b85c6de162,Rosetta,Hines Earl,F,4/4,32,8,A A B A,40,2,0,0,0,0,,false,0,0,0,0,0,0,0,0,0,0,4,
1090,song-fb195ab8968c73be0f5ab7d2abc72931a8ac3f45ce94049bd6a0285630a0218b,Round Midnight,Monk Thelonious,Eb-,4/4,35,10,i A B,71,4,2,8,25,1,1 2,false,0,0,0,1,1,1,0,3,0,2,1,
1091,song-d75c9e7a4a7b0329059854d47589176316ec036c04a36c0cd77b04c1440a8639,Route 66,Troup Bobby,F,4/4,12,3,,15,2,0,0,0,0,,false,1,0,0,0,0,0,0,0,0,0,4,
1092,song-3c64a579c9d50c6051e0547c1610c6af361bc77701387444560f79ed22d3b754,"Ruby, My Dear",Monk Thelonious,Eb,4/4,29,9,A B A,50,3,0,22,5,1,1 2,false,0,0,3,0,2,0,0,3,0,2,4,
1093,song-f47d3f6d9d63bfaa483717db78110a51125c3d5be9a5be785916b21159ff820f,S.O.S.,Montgomery Wes,C-,4/4,40,10,A B C B D,51,3,0,0,2,0,,false,3,0,0,0,0,0,0,1,0,0,4,
1094,song-fd5539d167d6ae1f558611edd5e3584012bb94e42ad0bf11b9bd1d63f01d5051,S' Wonderful,Gershwin George,Eb,4/4,26,7,A B A,32,2,0,0,0,1,1 2,false,4,0,0,0,0,0,0,0,0,0,4,
1095,song-acd6b3d392f29af1eb464b0baa09efda748be331f6ca8ddfb0933d93dd5b5e02,S'posin',Denniker Paul,Bb,4/4,32,8,A B A C,33,2,0,0,0,0,,false,5,0,0,0,0,0,0,0,0,0,4,
1096,song-c35e66ae23d78ba9b4ba94d82bb5a6aa2f8d4da1838bbf2ea31214ed334361fd,"Saga Of Harrison Crabfeathers, The",Kuhn Steve,E-,3/4,56,7,A B C D,13,1,0,0,0,0,,false,43,0,0,0,0,0,0,0,0,0,8,
1097,song-17d5f111e8818e96eb117fdb8bac987f5860a049cf62f89376315509a3a4c64e,Sail Away,Harrell Tom,C,4/4,65,9,A B C,74,2,20,0,19,0,,false,0,0,1,0,2,1,1,0,0,1,1,
1098,song-2d1a2cb8c184bf2af5e118ceede2dd34bbd9acac4f8cadf2ebc0f1c03ef90f98,Salt Peanuts,Gillespie Dizzy,Bb,4/4,26,7,A B A,38,2,0,0,0,1,1 2,false,4,0,0,0,0,0,0,0,0,0,4,
1099,song-67ff7a35fb0ff64b3fe8174b73a7accbdd141d61379a50c75f7e222b85e9cdf3,Samba De Orfeu,Bonfa Luiz,C,4/4,26,7,A B,26,2,0,4,0,1,1 2,false,5,0,0,0,0,0,0,2,0,0,4,
1100,song-c58808fc774b59a86e6f191a959e6cedab4306e0b53e05815704ed2cc73384fe,San Francisco Holiday,Monk Thelonious,Eb,4/4,25,7,A B A,40,2,1,1,0,1,1 2,false,0,0,4,0,0,0,0,0,0,0,4,
1101,song-c8ba969115067f580cef42567623d8f450f8eb811633592f083f798cc1b0f73d,Sandu,Brown Clifford,Eb,4/4,12,3,,13,2,0,0,0,0,,false,2,0,0,0,0,0,0,0,0,0,4,
1102,song-0e66317826d0ee72ff100615f57ef488a78fe3ca005573210d16714c8a3a85b1,Satellite,Coltrane John,G,4/4,36,9,A B A C,53,2,0,0,0,0,,false,6,0,0,0,0,0,0,0,0,0,4,
1103,song-825653d32f0d7426794a2f9e505b05ca80f50b12a236d45f2a473b2bd0c999c3,Satin Doll,Strayhorn-Ellington,C,4/4,26,7,A B A,43,2,0,0,0,1,1 2,false,3,0,0,0,0,0,1,0,0,0,4,
1104,song-35c27e119074269ab86791264d81eefb38361dfc72727b4784d076ff6ae2b7d2,Save Your Love For Me,Johnson Buddy,D,4/4,39,11,i A A B A,57,3,1,0,2,0,,false,4,0,0,1,0,1,0,1,0,0,1,
1105,song-58e2e9a8088bada7fe29db0a5d62bba9cb230e6359266fadc4e4fa04d27f6f98,Say It (Over And Over Again),Loesser Frank,Eb,4/4,26,7,A B A,50,3,0,0,4,1,1 2,false,0,0,0,0,0,0,0,0,0,0,4,
1106,song-1091b3e9a7eb9b3e4a2e6869f6e257beca2d4028063cdb7020e1ae33fe18bde5,Say the Brother's Name,Metheny Pat,Bb,4/4,32,9,A B C,47,3,6,0,0,1,,false,1,0,5,0,2,0,0,0,0,1,4,
1107,song-af1c08de495f6e1bbd1dcb211760bdfa2d7b7524a97b1031c4658bfdb81c3edc,Scene,Harrell Tom,G,3/4,38,10,A B A C,34,1,2,0,0,0,,false,4,0,0,0,0,0,1,0,0,0,2,
1108,song-8717538ff528306c91cbd2ade2ac761da03111e0ddf709d8c8ed49ba3761a1cf,Scotch And Soda,Guard Dave,Eb,4/4,26,7,A B A,29,2,1,2,0,1,1 2,false,4,0,0,0,0,0,0,0,0,0,4,
1109,song-fed7e85c0070113acd2ca04d4a01f369994e73e15b08d2e82c59a857d68c031b,Scrapple From The Apple,Parker Charlie,F,4/4,26,7,A B A,31,2,2,0,0,1,1 2,false,4,0,0,0,0,0,1,0,0,0,4,
1110,song-9f7998603a1dbb6a9d612ed4f8d36c978e68db8a30785f5007cffaa19d9e197c,Sea Journey,Corea Chick,A-,4/4,37,10,i A B A C,35,2,0,0,0,4,,false,7,0,0,0,0,0,0,1,0,0,2,
1111,song-49ea64b9d43f83c741134f431c5d8fa6ba6a6cf53613c963b8f8521899964fe6,Search For Peace,Tyner McCoy,C,4/4,25,7,A B C,31,2,4,0,0,1,,false,4,2,0,0,1,0,1,0,0,1,1,
1112,song-bf12fbb6bf53ac6534d3321d86880bf210fb13c56d2c15aa1b8d86501fc8855a,"Second Star To The Right, The",Fain Sammy,Eb,4/4,24,6,A B C,33,2,0,0,0,1,,false,0,0,0,0,0,0,0,0,0,0,4,
1113,song-a2a10806c7863618635ea0009958a8bec4365649264814c8281587a1ee45e8f7,"Second Time Around, The",Van-Heusen Jimmy,C,4/4,26,7,A,29,2,0,11,0,1,1 2,true,1,0,0,0,0,0,0,0,0,0,4,
1114,song-f52d28cb36b3d79ce0bf5569bcdc5eeeeb758dc59add1eb27faf6058b9e826b4,Secret Love,Fain Sammy,Eb,4/4,17,5,A B A,36,4,0,0,6,1,1 2,false,0,0,0,0,0,0,0,0,0,0,4,
1115,song-9c30491483f313119557b614b2ddb791cd3114719f06b3a34c87d8e55637a590,Segment,Parker Charlie,Bb-,4/4,26,7,A B A,33,2,0,0,0,1,1,false,2,0,0,0,0,0,0,0,0,0,4,
1116,song-b50e7161f2bb44df939e558e006cafa815e3d5408bdfb9fb86eecb0f6be33d4c,Señor Blues,Silver Horace,Eb-,12/8,12,3,,6,1,0,0,0,0,,false,6,0,0,0,0,0,0,0,0,0,4,
1117,song-b8322ec7b97b47f95af55daec5b03fdb1fab6d9ac8e3ef215156d389c3e637e3,Sentimental Journey,Brown-Green-Homer,C,4/4,24,6,A B A,28,3,0,4,4,1,,false,8,0,0,0,0,0,0,0,0,0,4,
1118,song-a0688172f0d2e26a9dadf767368e5bebb155ca2f5e45b745db61ceadb03f438b,September In The Rain,Warren Harry,Eb,4/4,26,7,A B A,34,2,0,0,0,1,1 2,false,4,0,0,0,0,0,0,0,0,0,4,
1119,song-354712ad211785fafc66328484ad79e1f7f529da221510623f6e8acb6e0c7759,September Song,Weill Kurt,C,4/4,26,7,A B A,33,2,0,0,0,1,1 2,false,4,0,0,0,0,0,0,0,0,0,4,
1120,song-6ab6d5f7be2d905f7cbc3151df82bef097541980353f85773961f75d7303fcd9,Serenade To A Cuckoo,Kirk Roland,F-,4/4,16,4,A B,27,2,0,0,0,0,,false,0,0,0,0,0,0,0,0,0,1,4,
1121,song-720316bcb8d8bbebc6c14f85e6dfc083d80dd6400d73cfed5fe86caa5ab61728,Serenade To A Soul Sister,Silver Horace,Eb-,3/4,24,6,A B C,26,2,0,0,0,0,,false,0,1,0,0,0,0,0,0,0,0,4,
1122,song-090a43476c1efa9f2e208b87cb133e6fa228750a4e88cba69710cc20ab610585,Serene,Dolphy Eric,Eb,4/4,15,4,,19,3,0,0,2,0,,false,1,0,0,0,2,0,0,0,0,1,3,
1123,song-17c8cdd84a739c300ce7c131089635686c0a06a6ac0d71025ad74ce276830f63,Serenity,Henderson Joe,Eb,4/4,14,4,,23,3,0,1,2,0,,false,0,0,0,0,0,0,1,0,0,0,2,
1124,song-9ca340f120ae6e5589697e2f5889c93010a7d1a6bbcdd8c8b191eaf93da29ddd,Serpent's Tooth,Davis Miles,Bb,4/4,26,7,A B A,36,2,0,0,0,1,1 2,false,4,0,0,0,0,0,0,0,0,0,4,
1125,song-00be0a4b86fd62de3d370b4ca3a44a4f508fb4e92ac74fa61325c0f8dd524d69,Seven Come Eleven,Goodman-Christian,Ab,4/4,24,6,A B A,7,1,4,30,0,1,,false,17,0,0,0,0,0,0,0,0,0,4,
1126,song-58e07503f76b907b27fef8c9cdca91e0d9442dda16acb39d1ee731d9a89e4076,Seven Steps To Heaven,Feldman Victor,F,4/4,32,8,i A B A,42,2,0,0,0,1,,false,1,0,0,0,0,0,0,0,0,1,4,
1127,song-3095a58a550e018c7b0d222f3eae3f4796292f94c740bc0bd1592249728cc2ea,"Shadow Of Your Smile, The",Mandel Johnny,G,4/4,32,8,A B,33,2,1,0,0,0,,false,1,0,0,0,0,0,0,0,0,0,4,
1128,song-3484b094a435408f0e26da001a57a46097bf7107148f5140813999b61414890d,Shaw 'Nuff,Parker Charlie,Bb,4/4,26,7,A B A,38,2,0,0,0,1,1 2,false,4,0,0,0,0,0,0,0,0,0,4,
1129,song-b770737aaf5d265b3929375e6ceb47952731e1bcc87696e67f88b80d9d9f5339,She's Funny That Way,Daniels Charles,Eb,4/4,26,7,A B A,45,2,0,0,0,1,1 2,false,0,0,0,0,0,0,0,0,0,0,4,
1130,song-3df3d381014d45d43b9d85a51ec033121d3653f3138bfbd54ce6f56121c80eb4,Shine,Dabney-Mack-Brown,Eb,4/4,32,8,A B C D,24,2,0,0,0,0,,false,9,0,2,0,0,0,0,0,0,0,4,
1131,song-6ceaa2921c2d279fd9f87f1d0ebf28454e0d55fa17ba2b23839e215e7d82f0bf,Shiny Stockings,Foster Frank,F,4/4,32,8,A B A C,31,2,1,0,0,0,,false,1,2,0,0,0,0,0,0,0,0,4,
1132,song-aba452640511322001e3bcb75db152e47c1f5273e172bbe86eab41cb15dc2f85,Short Story,Dorham Kenny,C-,4/4,16,4,A B,9,1,0,0,0,0,,false,7,0,0,0,0,0,0,0,0,0,4,
1133,song-9c13c5d49132a7b60cfcbff6f9527724f008b20c9babe4ccf5f1f2689e01a9de,Shutterbug,Johnson J.J.,G-,4/4,20,5,,9,2,0,0,0,0,,false,13,0,0,0,0,0,0,0,0,0,4,
1134,song-4bdfe6ce634fee365c216f9c581fe26cc614730cb14c13cd95d56cac50f2b58c,Si Si,Parker Charlie,F,4/4,12,3,,19,2,0,0,0,0,,false,0,0,0,0,0,0,0,0,0,0,4,
1135,song-c485942a155a26f8733c1416f02c8e1f20adefc5a45050488d4b356489d2e897,Sidewinder,Morgan Lee,Eb,4/4,24,6,,24,3,0,0,14,0,,false,7,4,0,0,0,0,0,0,0,0,4,
1136,song-060ff926fe3641c4b388baa5fc1b55e95301d9870ef16440b2e7a04bd13a1bb1,Silver's Serenade,Silver Horace,G,4/4,19,5,A B,16,2,0,0,0,0,,false,5,0,2,0,2,2,0,0,0,1,3,
1137,song-5050fb45a284ef3118af339043aca84d045896bc78dd85e5eed5ca9015abd8f6,Simone,Foster Frank,D-,3/4,24,6,,24,1,0,0,0,0,,false,0,0,0,0,0,0,1,0,0,0,4,
1138,song-74e736ef08126e8baa7a8e3f778c76411e845c724983136181b43daf6351c9b5,Since I Fell For You,Johnson Buddy,Eb,4/4,26,7,A B A,47,2,0,0,0,1,1 2,false,0,0,0,0,0,0,0,0,0,0,4,
1139,song-394ce52b0a96e137ca0059db73c9561980c892b43fc2baf0692919ed24fb269d,Sippin' At Bells,Davis Miles,F,4/4,14,5,,22,2,0,0,0,0,,false,1,0,0,0,2,0,0,1,0,1,0,
1140,song-1378e39d7a95c5e8dc6ed6967a60b7a703cc4551888aec079730b4bdb34e653c,Sister Sadie,Silver Horace,G,4/4,24,6,A B A,8,1,0,2,0,1,,false,4,6,0,0,0,0,0,0,0,0,4,
1141,song-d82cad133525c227cc8b6b9ea492ea3419cca25fe5a95544c2ac98169b253694,Skating In Central Park,Lewis John,C,3/4,71,10,A B A,72,2,25,0,1,1,1 2,false,3,0,2,0,2,0,0,0,0,1,7,
1142,song-f2c62eb971b051d4757835480e664370f8fd6dd230d09a6a208d66b3e86b2dec,Skippy,Monk Thelonious,Ab,4/4,32,8,A B C D,67,4,0,0,16,0,,false,0,0,0,0,0,0,0,0,0,0,4,
1143,song-0e52bd09292cb49c820ab9853af49c7d5882634c446497af0e07017c31dd9780,Skylark,Carmichael Hoagy,Eb,4/4,26,7,A B A,53,4,2,2,10,1,1 2,false,0,0,0,0,0,0,0,0,0,0,4,
1144,song-e4136e7400bef45890d6a59f2a6a836a9f24b2428f78e49d498c8312fba97340,Skyliner,Barnet Charlie,C,4/4,36,9,A B,28,2,1,0,0,1,1 2,false,9,0,0,0,0,0,0,2,0,1,4,
1145,song-10a211e178c8d4daefa7cbe03728ffc003129995f4748ddd0731817fbfcfa315,Slipped Disc,Goodman Benny,Ab,4/4,37,11,A B A C,51,2,2,0,0,2,1 2 1 2,false,0,3,0,0,0,0,0,3,0,1,2,
1146,song-4bac25e1f4391e41b9786377cc81a6eb3e2d73e2c80e42def6769c02ad171969,Slow Hot Wind,Mancini Henry,C,4/4,24,6,A B A,15,2,0,0,0,1,,false,11,0,2,0,0,0,0,0,0,0,4,
1147,song-79a721bc47fa36c0f8fc4e9d337859903517c4c0a2f0ffb40c6245ec5abd0666,Smile,Chaplin Charles,F,4/4,34,9,A B A C,23,1,0,0,0,0,,false,11,0,0,0,0,0,0,0,0,0,2,
1148,song-bf1102e418b98365a78e09ad2af9d08760e6325e638042077fc988dc62409bf2,Smoke Gets In Your Eyes,Kern Jerome,Eb,4/4,26,7,A B A,48,2,0,0,0,1,1 2,false,0,0,0,0,0,0,0,0,0,0,4,
1149,song-788ac324286c57ce9262f7c9c84732ba346fc4bc289b4e323a88fdb7d54e5e7a,Smoke Rings,Gifford-Washington,F,4/4,16,4,A,25,3,0,0,2,0,,false,0,0,0,0,0,0,0,0,0,0,4,
1150,song-dc9696074f2840d25c581f8433e1c306ce710c8d0ac0d1e55414a090aa50c123,Sno' Peas,Markowitz Phil,Eb-,3/4,28,7,i A B A,30,2,0,0,0,2,,false,0,0,0,0,0,0,0,0,0,0,4,
1151,song-a10364e646e17b6419629af1ecf2e5e4c7ab3b47102f7020953c93890fbfe673,Só Danço Samba,Jobim Antonio-Carlos,C,4/4,26,7,A B A,21,1,0,0,0,1,1 2,false,5,0,0,0,0,0,1,0,0,0,4,
1152,song-e2b9354f2d3d0e6e703c51b916623c0059d2f0ac423ca7bc141eb5b85cce1f49,So In Love,Porter Cole,F-,4/4,62,10,A B A,55,2,2,0,0,1,1 2,false,10,0,0,0,0,0,0,0,0,0,8,
1153,song-fc72eac84197ea782515f3e0b5c65a40ec1b1b3ee06211f67b2595180df82f93,So Many Stars,Mendez Sergio,Db,4/4,32,8,A C D,38,2,1,1,0,1,1 2,false,1,0,0,0,0,0,0,0,0,0,4,
1154,song-00c66b8c249ddb270032ed59051d8a0af48d8fababab177a5903f4746c47e552,So Nice (Summer Samba),Valles Marco,F,4/4,24,6,A B C,24,2,0,0,0,1,1 2,true,3,0,0,0,0,0,0,0,0,0,4,
1155,song-2e7652458977b0579910d482d0cb182d66cc18a4f20dac72a38ed58d889e384b,So Sorry Please,Powell Bud,Eb,4/4,32,8,A A B A,55,2,0,21,0,0,,false,1,0,0,0,0,0,0,0,0,0,4,
1156,song-2395b87704e96e0a283b481342e0779dd21b3305bc8243fac2ee3e07c7fbbf57,So Tender,Jarrett Keith,A,4/4,32,8,A B,38,2,1,0,0,0,,false,0,0,0,0,0,0,0,0,0,0,4,
1157,song-e46bc37c1e70d93093febfc67569ab04389e10f18849ebeca8ceece4eb35c2b7,So What,Davis Miles,D-,4/4,32,8,A A B A,8,1,0,0,0,0,,false,24,0,0,0,0,0,0,0,0,0,4,
1158,song-1a61365c41625a8f7bcf3e28a8caaf40ceafc4b4770ebd138dc65e55f1647c3d,Social Call,Gryce Gigi,Db,4/4,26,7,A B A,38,4,0,0,4,1,,false,1,0,0,0,0,0,0,0,0,0,2,
1159,song-82fc4dfe373842d8c2cb16f4add11e662ab66e9abf013297d8e1f6f3874d62f0,"Softly, As In A Morning Sunrise",Romberg Sigmund,C-,4/4,26,7,A B A,33,2,0,0,0,1,1 2,false,2,0,0,0,0,0,0,0,0,0,4,
1160,song-a0252d739aa94b2953b71404c3f1ec13b40355ee06293a3bc81e4e1904266519,Solar,Davis Miles,C-,4/4,12,3,,12,2,0,0,0,0,,false,2,0,0,0,0,0,0,0,0,0,4,
1161,song-fb1efcdb0599210622ad1a2fa4ecbcb1a912735492f58018959cb616914797c3,Solitude,Ellington Duke,Eb,4/4,26,7,A B A,32,2,2,0,0,1,1 2,false,0,0,4,0,0,0,0,0,0,0,4,
1162,song-dd83d1270e7c99de07fe58bee0fa222e39823d64454ca0f8a498078afae9cad3,Some Enchanted Evening,Rodgers Richard,C,4/4,46,12,A B A C,61,2,9,0,0,1,1 2,false,6,0,4,0,0,0,0,0,0,0,4,
1163,song-d2cc29497570d7fbd9fda22996ee8af86cc45e8ffbc25e06a70805f4b1f95c19,Some Other Blues,Coltrane John,F,4/4,12,3,,11,1,0,0,0,0,,false,1,0,0,0,0,0,0,0,0,0,4,
1164,song-765ea6e08a4c62562dc1c95a6ebcd4d8ad2bd6e8adc741e1a3bb331f09cbea8e,Some Other Spring,Herzog-Kitchings,C,4/4,27,7,A B A,61,3,2,0,18,1,1 2,false,0,0,4,0,0,0,0,0,0,0,4,
1165,song-34aa5b67b3ac5a7b8395b01971b3faf6e672914ea00847fce6e2563109513314,Some Other Time,Bernstein Leonard,C,4/4,26,7,A B A,39,4,2,0,12,1,1 2,false,9,0,0,0,0,0,0,0,0,0,4,
1166,song-5f1a8f558878c92c2559d347604ca1af188e4f47083042a9093794112dace8bb,Somebody Loves Me,Gershwin George,F,4/4,32,8,A B A,45,2,0,0,0,0,,false,1,0,0,0,0,0,0,0,0,0,4,
1167,song-7f5d2cd2d9f6da6927c00f6a9641283a9ad9ac9e42457d69d36ff43ca5e34344,Someday My Prince Will Come,Churchill Frank,Bb,3/4,32,8,A B A C,32,1,1,0,0,0,,false,0,0,0,0,0,0,0,0,0,0,4,
1168,song-05d36a7b0e2323757770c477772456a1c392bbdee9370fc44daec555eae4caad,Someday You'll Be Sorry,Armstrong Louis,Eb,4/4,24,6,A B C,19,2,0,0,0,1,1 2,true,6,0,0,0,0,0,0,0,0,0,4,
1169,song-00155691e1d981f173cd173bc7cc655a3860e0a9b55467ede14597c951e16f56,Someone To Watch Over Me,Gershwin George,Eb,4/4,26,7,A B A,44,3,5,6,8,1,1 2,false,1,0,0,0,0,0,0,0,0,1,4,
1170,song-08b4c386c56ce6b687606f1fcb28567d39ae76093c60afaeba07a900d6412610,Sometime Ago,Mikanovich Sergio,C,3/4,28,7,A B C,27,2,0,0,0,1,1 2,true,1,1,0,0,0,0,0,0,0,0,4,
1171,song-3aa2878efcc3a0a4115e1011cb161dbe600876641649e9bf3446fab60d9f7ff5,Sometimes I'm Happy,Youmans Vincent,F,4/4,32,8,A B A B,54,2,1,0,0,0,,false,0,0,0,0,0,0,0,0,0,0,4,
1172,song-540cd3dcc58067963301a707f65e3aa457b14aa02f383c51fa5340ecb3438b62,Somewhere,Bernstein Leonard,Eb,4/4,30,8,A B A C,49,2,0,0,0,1,1 2,false,0,0,0,0,0,0,1,0,0,0,4,
1173,song-684b7fff83a81a5f1e505b98d89e4587b2240c2546e39ec397037b8ec4965a5a,Song For Bilbao,Metheny Pat,C,4/4,20,5,A B A,14,2,0,0,0,1,,false,10,0,0,0,0,0,0,0,2,0,4,
1174,song-60992ba9778b1986cb2e2be951e2a3476d77c8cb472c8971c1ff15f17817a031,Song For My Father,Silver Horace,F-,4/4,16,4,A B,11,2,0,0,0,1,,false,6,0,0,0,0,0,0,0,0,0,4,
1175,song-f30992721376072e58bb97b1c8252f72e5f4bd151e673380258460c73940194d,Song For My Lady,Tyner McCoy,D-,3/4,28,7,i A,19,1,10,0,0,3,,false,9,0,0,0,0,0,0,1,0,0,4,
1176,song-d7408816eca46f73b6503612af0b4dbeeb5f25bb14835f9a3989ab0c35bcb57a,Song For Strayhorn,Mulligan Gerry,D,4/4,30,8,A B A,32,2,7,0,0,1,1 2,false,0,0,0,0,0,0,0,0,0,0,4,
1177,song-a75a3b430f356f22cd7cb58c533ace88502c99e30ba7a9397dd04a8dd9764b7b,"Song Is You, The",Kern Jerome,C,4/4,52,11,A B A,47,2,0,0,0,1,1 2,false,8,0,0,0,0,0,0,0,0,0,8,
1178,song-40ff189fc002d15ae99d18d1bb8aa97249b47547612e3f18094674892aa283a2,Sonnymoon For Two,Rollins Sonny,Bb,4/4,12,3,,11,2,0,0,0,0,,false,3,0,0,0,0,0,0,0,0,0,4,
1179,song-d699f1613bba4a91197c8298db382d6e83f598de2bb1c4e64df8c228a1fb38a6,Soon,Gershwin George,Eb,4/4,32,8,A B A C,41,2,0,11,0,0,,false,4,0,0,0,0,0,0,0,0,0,4,
1180,song-2161e6625d1d41d992d1253748dd485a9020889eaddc36afadd3ab07a981c8d5,Sophisticated Lady,Ellington Duke,Ab,4/4,26,7,A B A,52,4,0,0,18,1,1 2,false,0,0,0,0,0,0,1,0,0,0,4,
1181,song-2a0b3745a0c049adc6f646eace665d29262d9c950b528504c1724705f4163834,"Sorcerer, The",Hancock Herbie,Db,4/4,16,4,,16,1,6,4,0,0,,false,0,0,0,0,0,0,0,0,0,3,4,
1182,song-1ee63ce947b5f3753e91bda94fad2f891492190a19d4638ec7d33fbb7ecac73a,Soul Eyes,Waldron Mal,C-,4/4,32,8,A B A C,38,2,0,0,0,0,,false,0,0,0,0,0,0,1,0,0,0,4,
1183,song-f0fdcf24c7655cbc8570017a62af8c64aba0336e95132fcc585c7475f4204a8f,Soultrane,Dameron Tadd,Eb,4/4,25,7,A B A,50,4,2,0,16,1,1 2,false,0,0,0,0,0,0,1,0,0,0,4,
1184,song-6beb8fc565e83ac3c281dd8e93c9f47553e0815c90669278fdaf1457c75d15e0,Sound Lee,Konitz Lee,Eb,4/4,32,8,A B,35,2,0,0,0,0,,false,0,0,0,0,0,0,0,0,0,0,4,
1185,song-b2aa21b6db1d34897be9e81e37ef0487747691810e57a165f77734d2fc4e16ed,Spain,Corea Chick,B-,4/4,24,6,,10,1,0,0,0,0,,false,14,0,0,0,0,0,0,0,0,0,4,
1186,song-b6ab2e26b149244732236e160d16c3885a6ab86c78b2fe4b3c26d10179ef3cbe,Speak Like A Child,Hancock Herbie,A-,4/4,48,12,A B,47,2,4,0,1,2,,false,9,0,0,0,0,0,0,3,0,0,4,
1187,song-80a7aea9d5dfd992e91ede725c11702e302017e441e55fba37011c7147411fae,Speak Low,Weill Kurt,F,4/4,32,9,A B,34,2,0,0,0,1,1 2,false,4,0,0,0,2,0,1,1,0,0,4,
1188,song-7f1e5d7dff19297402420c902b0b5696096974194a62570b1f7daf1fc6fa4033,Speak No Evil,Shorter Wayne,C-,4/4,36,9,A B A,42,2,1,0,0,1,,false,0,0,0,0,0,0,0,0,0,0,4,
1189,song-1cd42a051c8631766aae9f63aa5a742dad9845e7ae864f244f4aa19e67c373f2,Spiral,Coltrane John,B-,4/4,32,8,A B A,36,2,10,0,0,1,,false,2,0,0,0,0,0,0,0,0,0,4,
1190,song-872533c78dbb2f6f382d1e7f583460b85c053885c96ebc37355a8b1cb20ac98d,Spring Can Really Hang You Up The Most,Wolf Tommy,C,4/4,37,11,A B C,79,4,0,0,16,1,1 2,false,0,0,0,0,2,0,0,0,0,0,4,
1191,song-da499ea3c9365ab9a27569e1a064cfbb0f82097a6beb7cdfd7c029d1485baae4,Spring Is Here,Rodgers Richard,Ab,4/4,36,9,A B A C,52,3,0,0,2,0,,false,1,0,0,0,0,0,0,0,0,0,4,
1192,song-9dfa43698c843e1db6c6cf614d151eb029c9f06c44b295f39557c859761232bd,St. James Infirmary,Primrose Joe,F-,4/4,8,2,,15,2,0,0,0,0,,false,0,0,0,0,0,0,0,0,0,0,4,
1193,song-7d89f72e284eb6d0a7764a35ab5a9b70a7279acfbe8da85f90744dbe1ba10e61,St. Louis Blues,Handy W.C.,G,4/4,12,3,,9,1,0,0,0,0,,false,3,0,0,0,0,0,0,0,0,0,4,
1194,song-15309665a89004cdbc1429c29b9e7679391f759dbf9f352b8fb1758a5cf85ec7,St. Thomas,Rollins Sonny,C,4/4,16,4,,24,2,1,0,0,0,,false,0,0,0,0,0,0,0,0,0,0,4,
1195,song-1555db78aefdc921b51fd4f12021d3b1ced8322730c08e31b1aedbfeded0b87b,"St. Vitus Dance, The",Silver Horace,F-,4/4,30,8,A B A,39,2,0,0,0,1,,false,1,0,0,0,2,1,1,1,0,1,2,
1196,song-56e62f6e9bebb3f7e0226f31ad66653c627ea2aaaff2464aa836fd281c3c41e2,Stablemates,Golson Benny,Db,4/4,36,9,A B A,40,2,0,0,0,0,,false,2,0,0,0,0,0,0,0,0,0,4,
1197,song-9e9e293ccfe8a44e48b19a9a04e0cf60727f3b335b008854653edfc943e205a0,Stairway To The Stars,Maineck Matt,C,4/4,26,7,A B A,48,2,1,0,0,1,1 2,false,0,0,0,0,0,0,0,0,0,0,4,
1198,song-a2dd716083e28a348ff32d2475d2c979f429c35b4aec9b2c9f26d0ac5bd773c5,Star Dust,Carmichael Hoagy,Db,4/4,40,10,v A,60,3,0,0,2,1,1 2,true,1,0,0,0,0,0,1,0,0,0,4,
1199,song-06a2832e9aee94a7b1c5b5a3e34ff77551766bddefad71151f40d8c5651dff2e,Star Eyes,DePaul Gene,Eb,4/4,28,7,A B A,40,3,0,0,2,1,,false,2,0,0,0,0,0,0,0,0,0,4,
1200,song-ce31cf27be8b90478bca47caf5498e9744cbe437e75e80724c1f01e1055947a2,"Star-Crossed Lovers, The",Strayhorn-Ellington,Db,4/4,22,6,A B C,42,3,8,0,2,0,,false,0,0,0,0,0,0,0,0,0,0,2,
1201,song-9a0b4caa9bb4a191171b7a9ca2566c4c3d8221f425d300ee1992dc8c51ad9530,Stars Fell On Alabama,Perkins Frank,C,4/4,26,7,A B A,51,4,2,0,6,1,1 2,false,0,0,0,0,0,0,0,0,0,0,4,
1202,song-458ebb79f9e834fa626b1439e61e2b495b1f04abffb3e760a4fde520233f6d0b,Stella By Starlight,Young Victor,Bb,4/4,32,8,A B C,29,2,0,3,0,0,,false,5,0,0,0,0,0,0,0,0,0,4,
1203,song-a640b7dad197b7e0bb0cd26065c81ec126380cc1a9e95c4646b6f4877bb98902,Stolen Moments,Nelson Oliver,C-,4/4,20,5,i A B,26,2,4,0,0,1,,false,0,0,0,0,0,0,0,1,0,0,4,
1204,song-13ae9b2092453e579396a2c03eac5041491776f78023410a88089896ab74cfc2,Stompin' At The Savoy,Webb-Goodman-Sampson,Db,4/4,26,7,A B A,32,2,0,0,0,1,1 2,false,0,0,8,0,0,0,0,0,0,0,4,
1205,song-1669356ea2263991ae22e54eaf70abf144987ead260c54e2494d6509381da5f0,Stormy Weather,Arlen Harold,G,4/4,26,7,A B A,52,2,3,0,0,1,1 2,false,0,0,0,0,0,0,0,0,0,0,4,
1206,song-7e5a1084eca933a85c03f77e61d2d4df0adbff3134004932b77be485dc8da9b7,Straight Life,Hubbard Freddie,F,4/4,24,6,A B C,12,1,0,0,0,0,,false,0,6,0,0,0,0,0,0,0,0,4,
1207,song-255a41c3c279cc424a5b143ddbd260dc1ea873def1a8b1c03130464b53354919,Straight No Chaser,Monk Thelonious,Bb,4/4,12,3,,8,1,0,0,0,0,,false,4,0,0,0,0,0,0,1,0,0,4,
1208,song-341cdd47f2ebc5c6a34d5a203fd37fa4f549f7d2e106ee2aa74e546ff8b2b0a5,Straight Street,Coltrane John,Eb-,4/4,36,9,A B A,44,2,0,0,0,1,,false,2,0,0,0,0,0,0,0,0,0,4,
1209,song-84422f7ffbdfdc3239b5c9f17cbf5ca4c34d8a351bba1e739915aac6a65f0552,Straighten Up And Fly Right,Cole-Mills,Ab,4/4,25,7,A C D,40,3,16,0,4,1,1 2,false,4,0,0,0,0,0,0,0,0,0,4,
1210,song-c089692929bc85e1ec50c948544c0d43ad7a7f0d17de5761cfa8b4b700f93fbb,Strange Meeting,Frisell Bill,C-,4/4,32,8,i A B C,20,1,2,0,0,3,,false,12,0,0,0,2,0,0,0,0,1,4,
1211,song-833830c63828155c2ed281024e88895e6b154d801f57a3e9b618205986f3d398,Strangers In The Night,Kaempfert Bert,F,4/4,32,8,A B C A,24,2,4,0,0,0,,false,13,0,2,0,0,0,0,0,0,0,4,
1212,song-5697ccb5c3299192e58561a43ff1f2a2f7c5f5587ff102ee44a9cc0536b4f3e6,Strasbourg-St. Denis,Hargrove Roy,Ab,4/4,24,6,i A B,30,2,0,0,0,1,,false,0,3,0,0,0,0,0,0,0,0,4,
1213,song-3d6765bad248ae0075be7b798760348c713f9efe91999509123828cf78522827,Street Of Dreams,Young Victor,Eb,4/4,32,8,v A B,52,2,0,1,0,0,,false,0,0,0,0,0,0,0,0,0,1,4,
1214,song-4c1b229e929f6ef4af58f8eea6916d3ec95f5c868ed77799814957563ec3e9ff,Strike Up The Band,Gershwin George,Eb,4/4,32,8,A B C D,30,2,1,2,0,0,,false,6,0,0,0,0,0,0,0,0,0,4,
1215,song-ad7c8a1221fcd5dbca2f8388b738d1a9b7637dfb796a227a2c4f94105f09dca4,Strode Rode,Rollins Sonny,F-,4/4,29,8,A B A,24,2,0,0,0,1,1 2,false,0,6,0,0,0,0,0,0,0,0,4,
1216,song-64682e316733f8156487ff149d423da85bdfee3bbc03f4fc5761934ae9d66ecc,Strollin',Silver Horace,Db,4/4,28,7,A B C,38,2,0,1,0,1,1 2,true,2,0,0,0,2,0,0,0,0,1,4,
1217,song-67faeebee1dcec6e1f1588e4736b9e947bdb4543e390c241a9dce0e5eb434255,Struttin' With Some Barbecue,Armstrong Lillian,F,4/4,32,8,A B,24,2,0,0,1,0,,false,10,0,0,0,0,0,1,0,0,0,4,
1218,song-095cc72f96b1776e86ba9ff92dab18d7bc50e744395228a9a37bfee1fad31a4c,Subconscious Lee,Konitz Lee,C,4/4,24,6,A B A,17,1,0,0,0,1,,false,7,0,0,0,0,0,0,0,0,0,4,
1219,song-7dcfe327db8757e362942ca30b9ed412b6b1f1f9adc8573d81adf83bbeef4ecf,Suddenly It's Spring,Van-Heusen Jimmy,Bb,4/4,32,8,A B C A,40,2,0,0,0,0,,false,0,0,0,0,0,0,1,0,0,0,4,
1220,song-a5cfc109fe0dccef792d627bda21ac089b26b2e3d4469eeab472f70fc9e3c1d8,Sugar,Turrentine Stanley,C-,4/4,16,4,,16,2,0,0,0,0,,false,1,0,0,0,0,0,0,0,0,0,4,
1221,song-e8d8055d6f3d22d9984796d0f62d4113a680595777b043d1e5d7a73c8fa59c41,Summer Band Camp,Goodrick Mick,C,4/4,24,6,,14,1,10,0,0,0,,false,10,0,0,0,0,0,0,0,0,0,4,
1222,song-16b3269f399f7c51ad3a540ad3fe4f9c312b92cebbfa643324f2cb1269a769d0,Summer In Central Park,Silver Horace,F,3/4,32,8,A B C,29,2,0,0,0,1,,false,4,0,0,0,0,0,1,1,0,0,4,
1223,song-954605f2ebd7a13aa59c8971d07703a0cb1445f9c6164f75a32df11d8aa1b4ba,"Summer Knows, The",Legrand Michel,F-,4/4,28,7,A B C,37,2,11,0,0,0,,false,1,0,0,0,0,0,0,0,0,0,4,
1224,song-8450c2c21a5fdac5781e147d2db6eb83c1af717e04b007733f0450e495749184,Summer Night,Warren Harry,C-,4/4,30,8,A B C,33,2,0,0,0,1,1 2,true,0,0,0,0,2,1,1,0,0,1,2,
1225,song-6c195493b154d0bb7a5c71e52e5e260633e61772425e88aa926057ceee77c594,Summer Serenade,Carter Benny,Db,,32,8,A B A C,36,2,3,0,0,0,,false,0,0,0,0,0,0,0,0,0,0,4,
1226,song-36257612f79f4d7f81160a17519311cfcb830adf12196849260b6ca807d1bb31,"Summer Wind, The",Meyer-Mercer,F,4/4,48,12,A B C,51,2,0,0,0,0,,false,6,0,0,0,0,0,0,0,0,0,4,
1227,song-55a3ec4768b7d7a816165432e5437ddb22667361b28d6c65fd883d7f8a4e3b89,Summertime,Gershwin George,A-,4/4,16,4,,22,2,0,0,0,0,,false,0,0,2,0,0,0,0,0,0,0,4,
1228,song-749ad57d69922ea6eba7e4d97c9cabd1511b65aa1777bdb480b06591e0ca5acc,Sun down,Montgomery Wes,A,4/4,24,6,i A,32,2,0,0,0,0,,false,2,0,0,0,0,0,0,2,0,1,4,
1229,song-8face962bbd5dfb9f310dba4a0eb3f64ef05884d7c992974cd0cb25e8b1f69b4,Sunny,Hebb Bobby,A-,4/4,16,4,,18,2,0,0,0,0,,false,0,0,0,0,0,0,0,0,0,0,4,
1230,song-96ee66d12f1ac35b0d8a67e9265f6261b7853c11f1fbf0260b48169e5cc67724,Sunshower,Barron Kenny,A-,4/4,34,9,i A B A,31,1,0,0,0,1,1 2,false,3,0,0,0,0,0,0,0,0,0,4,
1231,song-d33b18daf7d4994eab05334540c8a1794dc504ef6fb0d49582ef9fc5150f1351,Surrey With The Fringe On The Top,Rodgers Richard,Bb,4/4,32,8,A B A C,60,2,0,0,0,1,,false,1,0,0,0,0,0,0,0,0,0,4,
1232,song-65b637c42c4d2ffc5764383026c3da3654f43b66e30737dd5b4fe352e55bd50a,Sway,Ruiz-Gimbel,G-,4/4,26,7,A B A,18,2,0,0,0,1,1 2,false,12,0,0,0,0,0,0,0,0,2,4,
1233,song-e49b1fbd673117ca90d23357fc7f971abf41782aef527bfada4a78632daf87c7,Sweeping Up,Swallow Steve,G,3/4,7,2,A,7,1,0,0,0,0,,false,0,0,0,0,0,0,0,0,0,0,3,
1234,song-ae13b9f52e7fdc761113ab22844359508589fc63f5836dd88f03656b4977ee8b,Sweet And Lovely,Arnheim-Daniels-Tobias,C,4/4,24,6,A B A,33,2,0,0,0,1,,false,0,0,0,0,0,0,0,0,0,0,4,
1235,song-bf59f128d56f3f5b842dfe6bcc0618f0476feb2143364bc4ae353320695843a8,Sweet Georgia Bright,Lloyd Charles,C,4/4,16,4,,8,1,0,0,0,0,,false,8,0,0,0,0,0,0,0,0,0,4,
1236,song-ea9fa298dd0412d49e8e341fcf75cd5eedc4e9097d048da8f87326097f9969af,Sweet Georgia Brown,Pinkard-Casey-Bernie,Ab,4/4,24,6,A,22,2,0,0,0,1,1 2,true,9,0,0,0,0,0,0,0,0,0,4,
1237,song-674568e7d8b4d4cbc2442012c35b3f86516afd641c4efb27ac1394401e4fe3c4,Sweet Lorraine,Burwell Cliff,G,4/4,26,7,A B A,67,4,4,0,30,1,1 2,false,0,0,0,0,0,0,0,0,0,0,4,
1238,song-19a821547d3e4776d2b5bceb54c678c81725b8173143205c319a8b414e998470,"Sweet Sue, Just You",Harris-Young,G,4/4,26,7,A B A,32,2,3,0,0,1,1 2,false,1,0,0,0,0,0,0,0,0,0,4,
1239,song-4a36fc8d2a1c58d5a5d9638a107d31b1a8ffa98811cc49850ca858ef20f92f40,"Sweetest Sounds, The",Rodgers Richard,F,4/4,40,10,A B,37,2,0,0,0,0,,false,8,0,0,0,0,0,0,0,0,0,4,
1240,song-08c68ea7c2c954651b73cb56738ad843fd2e77669c7fcee719c4d6eda2e5d50d,Swinging At The Haven,Marsalis Ellis,F,4/4,22,6,A B,20,2,0,0,0,1,1 2,true,8,0,0,0,0,0,0,0,0,0,4,
1241,song-70858a5c91b13857238f17f994c73502d2c644d20b71453286b80588b2b506c4,"Swinging Shepherd Blues, The",Koffman-Roberts-Jacobson,Bb,4/4,12,4,A,14,3,2,0,4,0,,false,4,0,0,0,0,0,0,1,0,0,0,
1242,song-64a87fd7669e8c2446b7c773bd4be1db00fe75e0064192f0860109bc3f831fa1,Tadd's Delight,Dameron Tadd,Ab,4/4,32,8,A B A C,43,2,0,0,0,0,,false,1,0,0,0,0,0,1,0,0,0,4,
1243,song-31c729526110423facefd0108c1327de8e12b00c9173d5a37b6ff682688b3531,Take Five,Desmond Paul,Eb-,5/4,24,6,A B A,23,2,0,0,0,0,,false,12,0,0,0,0,0,0,0,0,0,4,
1244,song-a2f1c981ee1f099b48032e57b563267580537936ef687a5b5cd0b49b6ea42ba3,Take The A Train,Strayhorn Billy,C,4/4,26,7,A B A,22,2,0,0,0,1,1 2,false,8,0,0,0,0,0,0,0,0,0,4,
1245,song-dfb416dc5abcd2fdade9b3c72ea03bb98d1b8b6afbc71e5bf710b553f30eedd4,Taking A Chance On Love,Duke Vernon,F,4/4,26,7,A B A,46,4,0,3,6,1,1 2,false,0,0,0,0,0,0,0,0,0,0,4,
1246,song-fc373630b378a54587f8b4a00e879b91ea389b8edbbf9c2b09a1eae47768ae82,Tangerine,Schertzinger Victor,F,4/4,32,8,A B A C,40,2,0,0,0,0,,false,2,0,0,0,0,0,1,0,0,0,4,
1247,song-a6d26df4105a6a2a6e6e90b965f7392995a040b393510cf0cb71230816746756,Tautology,Konitz Lee,F,4/4,32,8,A B C A,34,2,0,4,0,0,,false,2,0,0,0,0,0,0,0,0,0,4,
1248,song-08688b4c1a9aef7b853d9e8a019764fa46273aa9fce64d155596796f2cb74781,Tea For Two,Youmans Vincent,Ab,4/4,32,8,A B A C,43,2,1,0,0,0,,false,7,0,0,0,0,0,1,0,0,0,4,
1249,song-d94ff433ccc75e634da6ce3015e2a38b7fbcb5ef0260285620ac8971cbc33646,Teach Me Tonight,DePaul Gene,Eb,4/4,26,7,A B A,48,3,0,0,2,1,1 2,false,0,0,0,0,0,0,0,0,0,0,4,
1250,song-a8f3206daf58c449d64fb17905bf88f1dc5c6be8dd12ede4826056182cc4bbd9,Tell Me A Bedtime Story,Hancock Herbie,C,4/4,55,11,i A B C D A,62,2,0,0,1,1,,false,9,0,0,1,2,0,0,2,4,1,3,
1251,song-7ecb6b34237a901c182477894e6c1cd3fe272d7eef150dfad708799ca131ecd8,Tempus Fugit,Powell Bud,D-,4/4,24,6,A B A,28,2,0,0,0,1,,false,2,0,0,0,0,0,0,0,0,0,4,
1252,song-fdae403f5aa281ee24b229e22a67cbf63266c77927f4f5264d820e6a1ea5d8f9,Tenderly,Gross Walter,Eb,4/4,32,8,A B A C,40,2,0,0,0,0,,false,0,0,0,0,0,0,0,0,0,0,4,
1253,song-eb11e476015ad1e230765a18c4b72252a4edbd9bc8b3dd9af70cb91348d8970a,Tenor Madness,Rollins Sonny,Bb,4/4,12,3,,9,1,0,0,0,0,,false,3,0,0,0,0,0,0,0,0,0,4,
1254,song-95acdf9db15cd681e75ba0a38f9e856622cd7e250980a0f984dfae0aa4075a13,Terra Nova,Rosenwinkel Kurt,Db,4/4,37,11,A B C,45,2,19,0,0,1,1 2,false,1,0,0,0,0,0,0,0,0,2,1,
1255,song-ea8cabdb93d51e2758b527071fea915ba599a72178166883c6c9677ed6cc7018,Thanks For The Memory,Robin Leo,F,4/4,25,7,A B A,41,3,0,0,4,1,1 2,false,0,0,4,0,0,0,0,0,0,0,4,
1256,song-94f768d9b7e8e84c086c0da2f38c63eb5caa76adbdf4ff8229323b0aa722f50f,That Old Black Magic,Arlen Harold,Eb,4/4,72,9,A B C D,50,2,0,0,12,0,,false,22,3,0,0,0,0,0,0,0,0,8,
1257,song-195c9f638a070eda7910ab8334a156d8a3614aed74b258e63c441a143bb2efb3,That Old Feeling,Brown-Fain,C,4/4,32,8,A B,32,2,0,20,0,0,,false,3,0,0,0,0,0,0,0,0,2,4,
1258,song-8bf4b4fdad042bd69c4e9ebdfb629ee039bc608fbcd7e2338c1e5a55c510ef68,That Ole Devil Called Love,Fisher Doris,Ab,4/4,26,7,A B A,43,3,2,0,2,1,1 2,false,0,0,0,0,0,0,0,0,0,0,4,
1259,song-9a3d3ad73e2709f16a5051e3e2c8efa4498163dc44820b1518219fa9a2e2e5a0,That's All,Haymes-Brandt,Bb,4/4,25,7,A B A,52,4,2,0,8,1,1 2,false,0,0,0,0,0,0,0,0,0,0,4,
1260,song-d5d60238cb71a76af6cb622661a71b522409f13deaa05d91823c2a7d94f9a52b,That's Amore (That's Love),Warren-Brooks,Bb,3/4,32,8,A B,24,1,0,0,0,0,,false,0,4,0,0,0,0,0,0,0,0,4,
1261,song-9d35f095686d1f5c65e5b333bfb73cf5c16d426e963a2f09704a36531b733ee8,That's Life,Kay-Gordon,G,4/4,32,8,A A B A,39,3,0,0,4,0,,false,4,0,0,0,0,0,0,0,0,0,4,
1262,song-a74d38351565ea47d2d7b56896ba87c611724a789b51e862c5507bc99f17f14a,Thelonious,Monk Thelonious,Bb,4/4,30,8,A B A,51,2,0,0,0,1,1 2,false,0,0,0,0,0,0,0,0,0,0,2,
1263,song-2c34a2e7913eb5828449331977a0653d905145161f2c645f1596245801b46432,Them There Eyes,Tracy-Tauber-Pinkard,Ab,4/4,32,8,A B A C,25,2,1,0,0,0,,false,10,0,0,0,0,0,0,0,0,0,4,
1264,song-8ef82151e51404325b259f5a239bdf2530405eacba2051ef727f8c78385b673f,Theme For Ernie,Lacey Fred,Ab,4/4,30,9,A B A,61,4,0,0,10,1,1 2,false,0,0,0,0,2,1,1,0,0,1,2,
1265,song-62090953a7a3f0979aa96af633bc9a08a89658be4515fdd61dd29e556815a607,Theme From Family Guy,Murphy-MacFarlane-Zuckerman,F,4/4,18,5,A,33,3,4,0,2,0,,false,0,0,0,0,0,0,0,0,0,0,2,
1266,song-77320e70b75fa4401c6c0067378a306e4ab368bc3c80b4852324ec34f4eaf170,"Theme, The",Davis Miles,Bb,4/4,26,7,A B A,38,2,0,0,0,1,1 2,false,4,0,0,0,0,0,0,0,0,0,4,
1267,song-20e1668aac749804bbc122a60b88cf16082e78a33e625843c588293e3b698693,There Is No Greater Love,Jones Isham,Bb,4/4,28,7,A B A,32,2,0,0,0,1,1 2,false,2,0,0,0,0,0,0,0,0,0,4,
1268,song-01ea264c52f6de16acea1c4494ba0d6a6ac946e73a61145ea298286ad67950da,There Will Never Be Another You,Warren Harry,Eb,4/4,32,8,A B A C,32,2,0,0,0,0,,false,5,0,0,0,0,0,0,0,0,0,4,
1269,song-e06b75027afa85ffa5e51dcafe296c43f968dec79603629e4dd1e5249ce4aa68,There'll Be Some Changes Made,Overstreet Benton,Bb,4/4,18,5,A B,19,3,0,0,2,0,,false,4,0,2,0,0,0,1,1,0,0,2,
1270,song-a40bdbfe3779b04ab4c88985a770b2c771818b6adedaaf6c051b0c5b3f10f2f8,There's A Lull In My Life,Revel Harry,F,4/4,32,9,A B A,62,3,0,2,16,1,1 2,false,1,0,0,0,0,0,0,0,0,0,2,
1271,song-cab198cd92875d96c02a1989618124dc60b0ea101b99b1831b086a7ceb148b80,There's A Small Hotel,Rodgers Richard,G,4/4,25,7,A B A,40,2,0,0,0,1,1 2,false,2,0,0,0,0,0,0,0,0,0,4,
1272,song-2fdab041c9b32a2f391e373ad946159c93db9f6cd27ca9d89e9cdf552502c663,There's No You,Hopper Hal,F,4/4,26,7,A B A,35,2,0,1,0,1,1 2,false,0,0,0,0,0,0,0,0,0,0,4,
1273,song-05a73501590454d2a0306938ed3df10b91249ab0b43f358e351586d2e9ebc95e,These Are Soulful Days,Massey Cal,Bb-,4/4,24,6,A B A,44,2,0,0,0,1,,false,0,0,0,0,0,0,0,0,0,0,4,
1274,song-64d6d114d81271d9ebee14668c794bd53fcb6d4c5650b86dea0c7b5c6ce6d871,These Foolish Things,Strachey-Link,Eb,4/4,26,7,A B A,54,3,0,0,8,1,1 2,false,0,0,0,0,0,0,0,0,0,0,4,
1275,song-85c69c994e95ad8b5ea10c210972d48358ea395479e06e8307705de5f717636a,They All Laughed,Gershwin George,G,4/4,32,8,A B C C,55,2,0,0,0,0,,false,0,0,0,0,0,0,0,0,0,0,4,
1276,song-52c3fcd1c4c230b7ceb182f3e0438e2da887bd92d85cde4f2afe68364bac6b91,They Can't Take That Away From Me,Gershwin George,Eb,4/4,30,8,A B A,50,3,0,0,4,1,1 2,false,0,0,0,0,0,0,0,0,0,0,4,
1277,song-41fa44dd86848b44b8e62ffb4f5aa7b765e341c222978eaa6ed00eeb0b6abfe3,They Didn't Believe Me,Kern Jerome,G,4/4,32,8,A B,36,2,0,0,0,0,,false,1,0,0,0,0,0,0,0,0,0,4,
1278,song-8a97064219da1970c2e00f26a0b1c237dd6a09ed8f6846e784ef81a46bdab8f6,They Say It's Wonderful,Berlin Irving,F,4/4,26,7,A B C,36,2,0,0,0,1,1 2,false,0,0,0,0,0,0,1,0,0,0,4,
1279,song-ecc5494ad60d91e546828052d11db9b9c3ed9971293f26e7c5b5579537d6f2b8,Things Ain't What They Used To Be,Ellington Duke,Db,4/4,12,3,,11,2,0,0,0,0,,false,3,0,0,0,0,0,0,0,0,0,4,
1280,song-d82bbfd91548420b84efcaea417e4170c6c3c08e878858878748d1225286e307,"Things We Did Last Summer, The",Cahn-Styne,F,4/4,25,7,A B A,46,4,0,0,4,1,1 2,false,2,0,0,0,0,0,0,0,0,0,4,
1281,song-18ee68f12911bda17927730958a9436594fa3cd0461dc4a8e26206390b2539d7,Think Of One,Monk Thelonious,F,4/4,24,6,A B A,36,2,1,0,0,1,,false,0,0,0,0,0,0,1,1,0,0,4,
1282,song-352131ff43e4c2a7df59eab7857acb4ea51b58825ae9360b73879c0348d2df87,This Can't Be Love,Rodgers Richard,F,4/4,32,8,A A B A,27,2,0,0,0,0,,false,9,0,0,0,0,0,0,0,0,0,4,
1283,song-b0d85f4d6fdff2147d11bbdfbb3f278aaca71ea41967c310ad5cb8b53047e72a,This Could Be The Start Of Something Big,Allen Steve,Eb,4/4,40,10,A B,40,2,1,0,0,1,1 2 3,false,2,2,0,0,0,0,0,1,0,2,4,
1284,song-19f22decff1f8261b89484b6f139caf4d6301f6f2ee9bbf866c0595cc41c5ea1,This Here,Timmons Bobby,F,3/4,36,9,A B C,11,1,0,0,0,0,,false,11,7,0,0,0,0,0,0,0,0,4,
1285,song-f1d324358c4ebf444b3df497d1b1d5aef6eb5225ba48a6d8f80a147bce1592f3,This I Dig Of You,Mobley Hank,Bb,4/4,32,8,A B A C,35,2,14,0,0,0,,false,1,0,0,0,0,0,0,0,0,0,4,
1286,song-3a530f47ffa2087331800c0c434bc3162908839b28f983572b5f6ab01b2135ef,This Is All I Ask,Jenkins Gordon,F,4/4,32,8,A B A C,37,2,0,0,0,0,,false,4,0,0,0,0,0,0,0,0,0,4,
1287,song-f1902cb0a4faf2daf2e0fdd4e15f87cdabac7a25a5d022f1b511db5827619f1f,This is for Albert,Shorter Wayne,G,4/4,24,6,A B A,28,2,7,0,0,1,,false,2,0,0,0,0,0,0,0,0,0,4,
1288,song-92aeb4762abbb8556ee711294ecc47af3209c51c33635abe17c6678fcb65b775,This Is New,Weill Kurt,C-,4/4,32,8,A B,34,2,0,0,0,0,,false,3,0,0,0,0,0,0,0,0,0,4,
1289,song-2c418b4d05ccd66675269d97300ed487464d91d074c6add05a97c1f464db25d8,This Masquerade,Russell Leon,F-,4/4,40,10,i A B,43,3,0,0,2,2,,false,2,0,0,1,2,0,0,4,0,1,4,
1290,song-9e25ec7f3867f0d3d1358bb0437049bf706d470dd5da63a59765903f6b4818a0,This Time The Dream's On Me,Arlen Harold,G,4/4,26,7,A B A,35,2,0,0,0,1,1 2,false,1,0,0,0,0,0,0,0,0,0,4,
1291,song-5fe74fb466757418c92e4b53a9ef311bb3e3c529728c566a37e969e565ab9400,This Year's Kisses,Berlin Irving,G,4/4,24,6,A B C,29,2,0,0,0,1,1 2,false,4,0,4,0,0,0,0,0,0,0,4,
1292,song-daf2980c3c3d1a517b3bdf90a0fe66b4e720cdee8707920b6d1270fe7907437d,Thou Swell,Rodgers Richard,Eb,4/4,32,8,A B A C,41,2,0,0,0,0,,false,1,0,0,0,0,0,0,0,0,0,4,
1293,song-c90b835dfabad2ea5bc9c7450371f85ec3d50902996b6c58ec9cd2229b1cba23,Three Flowers,Tyner McCoy,Eb,3/4,27,7,,29,2,8,0,0,2,1 2,true,0,0,0,0,1,1,1,2,0,1,3,
1294,song-9c67f8445792ce718290dfdac7077bd09b9e094652ec9e22ef591e416007d503,Three Little Words,Ruby Harry,C,4/4,24,6,A B A,24,2,0,0,0,1,,false,5,0,0,0,0,0,0,0,0,0,4,
1295,song-03bc37cbfdf99397ca05baf449a99cf7214f17046c791f9172e661d2dfaa2d48,"Thrill Is Gone, The",Henderson Ray,C-,4/4,24,6,A B,31,3,2,0,2,1,,false,1,0,0,0,0,0,0,0,0,0,4,
1296,song-19a635eee21b8d5e77a79e3dcb8b415fb13c4cd455100939f10cb948b8302965,Thriving From A Riff,Parker Charlie,Bb,4/4,26,7,A B A,38,2,0,0,0,1,1 2,false,4,0,0,0,0,0,0,0,0,0,4,
1297,song-6c4a93f48b1232f8e0904bf5dce97bbb2b5f775c88136f38a98562893d2c1a00,Tickle-Toe,Young Lester,Db,4/4,32,8,A B A B,37,2,0,0,0,0,,false,4,0,0,0,0,0,0,0,0,0,4,
1298,song-114b3063bf70650d1b96f1ea013d95f2bbcd8e6058a34d99be8ad7e2be087570,Till There Was You,Wilson Meredith,Eb,4/4,26,7,A B A,38,2,1,0,0,1,1 2,false,0,0,0,0,0,0,0,0,0,0,4,
1299,song-f48161614880aae845d068db45b2691a0bc3f8ccd936b6c7921af47e90a2d632,Time After Time,Styne Jule,C,4/4,32,8,A B,51,2,1,0,0,0,,false,1,0,0,0,0,0,0,0,0,0,4,
1300,song-948a66c7bf792b1dff5db841b1cf6fed63eb397f4db424f9640d60ab41b3cd2e,Time On My Hands,Youmans Vincent,F,4/4,26,7,A B C,25,2,0,0,0,1,1 2,false,4,0,0,0,0,0,0,0,0,0,4,
1301,song-9570a43262dcd499a6fa1e5b01e94a46cadcec37696404548c0ad1bcbdece14b,Time Remembered,Evans Bill,B-,4/4,26,7,,25,2,0,0,0,0,,false,2,0,0,0,0,0,0,0,0,0,2,
1302,song-9f6d481485fb36291d8bcf30e56a6cd4473e575427773a5c11235a22280e9819,Tin Tin Deo,Gillespie Dizzy,F-,4/4,32,8,A B C B,38,2,0,0,0,1,,false,8,0,0,0,0,0,0,0,0,0,4,
1303,song-f859337a4f75be58f763d9bb8894742f7550f132495a149469d09366ed087143,Tiny Capers,Brown Clifford,Bb,4/4,26,7,A B A,44,2,0,0,0,1,1 2,false,2,0,0,0,0,0,0,0,0,0,4,
1304,song-56f9c122de7ea6210caad59344d663b6fdabfa2a6c15b10dfe5a3f00be66baa7,Tippin',Silver Horace,Bb,4/4,27,7,A B A,46,3,5,0,4,1,1 2,false,0,0,0,0,0,0,0,0,0,0,4,
1305,song-b550df028fb9a8b4909a4778d5d779cc270278f08652bcfc2977241434713959,Tis Autumn,Nemo Henry,Eb,4/4,25,7,A B A,40,2,0,0,0,1,1 2,false,2,0,0,0,0,0,1,0,0,0,4,
1306,song-c5926289e309abb4077b1a33e5f6e871be0dc3dd8a752a78443189041fe7ad60,Tokyo Blues,Silver Horace,C-,4/4,16,4,A,10,2,0,0,0,0,,false,7,0,0,0,0,0,0,0,0,0,4,
1307,song-f1046da6eef1db926a69b3bad52a523212490459b875060f9d58c42a04af03e2,Tones For Joan's Bones,Corea Chick,D,4/4,52,12,i A B A,49,2,3,0,2,0,,false,13,0,6,0,0,0,0,0,0,0,4,
1308,song-5b3cf2c2d1195ec0395dbd0a0787679b5edf124a02a1e2e994fe06b9457ff2e9,Tonight,Bernstein-Sondheim,Ab,4/4,32,8,A B,28,1,4,0,0,0,,false,4,0,0,0,0,0,0,0,0,0,4,
1309,song-02936c83cbb21db42aa8c79a06150c30a2ac1408d9985aeb8445d3e3b507e09d,Tonight I Shall Sleep,Ellington-Mercer,Db,4/4,32,8,A B A C,57,4,2,0,4,0,,false,1,0,0,0,0,0,0,0,0,0,4,
1310,song-e89b7734d573c94aad2969c9422eb7367b688dbc2395e9784e42bf480c588483,Tonight You Belong To Me,Rose-David,C,4/4,26,7,A B A,38,2,0,0,0,1,1 2,false,0,0,0,0,0,0,0,0,0,0,4,
1311,song-58d83bbfcb34f9ee1654b8112a35c548c711721e564e3b1a5a7175d685cf302e,Too Close For Comfort,Bock-Weiss-Holofcener,C,4/4,34,9,A B A D,38,2,1,0,0,1,1 2,false,1,0,0,0,0,0,0,0,0,0,4,
1312,song-b83cbc8f788b48ba2875ef8eea95a91b7f1b18c9373166d04382c568062c2cfe,Too Marvelous For Words,Whiting Richard,G,4/4,26,7,A B A,31,2,0,0,0,1,1 2,false,0,0,0,0,0,0,0,0,0,0,4,
1313,song-1e5e6dfbf98b3b31ba96ece587980ad5746329a9d24e78250cf80024ed268fd0,Too Young,Lippman-Dee,Bb,4/4,32,8,A B,42,2,1,0,0,0,,false,0,0,0,0,0,0,0,0,0,0,4,
1314,song-6a2318cdf515e0f4f24bd21cee891cc97f561fb1f16fe71f0393fc7e41ebf015,Too Young To Go Steady,McHugh Jimmy,F,4/4,27,7,A B A,51,3,0,0,2,1,1 2,false,0,0,0,0,0,0,0,0,0,0,4,
1315,song-99b23cd436166d9d3b139c80d930ecfa94a7424807f8013f350d7d500bb249b7,Topsy,Battle-Durham,D-,4/4,32,8,A B,36,2,0,0,0,0,,false,6,0,0,0,0,0,0,0,0,0,4,
1316,song-c1aaef72f6996d94e5b844681545840484ffaf7cd628352b379cf5e7885f5cae,"Touch Of Your Lips, The",Noble Ray,C,4/4,32,8,A B A C,50,2,0,0,0,0,,false,0,0,0,0,0,0,0,0,0,0,4,
1317,song-85dcd8d60e43ff9b2e91c7602a967ef3a1d8a4138853e3435c5f4e319307c83a,Tour De Force,Gillespie Dizzy,Ab,4/4,25,7,A B A,47,3,0,0,2,1,1 2,false,0,0,1,0,0,0,0,0,0,0,4,
1318,song-926c4c06011450b9334410990d1d7b44d16a010e4a19c6f418d64056a561efb8,Toy Tune,Shorter Wayne,F,4/4,21,6,A B A,33,3,2,0,6,1,1 2,false,0,0,0,0,0,0,0,0,0,0,4,
1319,song-feeae7f9ec17c9826fc8baf32e875a600df06e8086d9dd3c099aea5d71bd8b1a,Toys,Hancock Herbie,D-,4/4,16,4,A B,11,1,0,2,0,0,,false,5,0,0,0,0,0,0,1,0,0,4,
1320,song-494974ae98a3a049a7f453e80641bdf6d4df6aef9b39b0c9b537248294aa9dbb,Training,Petrucciani Michel,Ab,4/4,32,8,A A B A,47,2,2,0,0,0,,false,0,0,0,0,0,0,0,0,0,0,4,
1321,song-9a9b537891a6aa8b64821140b198769e31509220c5c3a6cb2ce8b71894154cc6,Trane’s Blues,Coltrane John,Bb,4/4,12,3,,8,1,0,0,0,0,,false,4,0,0,0,0,0,0,0,0,0,4,
1322,song-fd4fc77a0013c2fab6500da33c5b7ae5763ac74e2cd9b566c6ac7728dfb9229e,Travels,Metheny Pat,G,4/4,32,10,A B A,61,3,14,0,8,2,1 2,false,0,0,2,0,2,1,1,0,0,1,2,
1323,song-437263a23a7eee627a38f39f0b8b3a5c7095d503caa93938bb3fee4b89aaaad9,Tricotism,Pettiford Oscar,Db,4/4,26,7,A B A,30,2,2,0,0,1,1 2,false,5,0,0,0,0,0,0,0,0,0,4,
1324,song-7e2ea9d8a9552bba3d4a132486a73c8b334e7446e83de90ff99802e27279a878,Trinkle Tinkle,Monk Thelonious,Eb,4/4,48,12,i A B A,68,2,2,14,0,2,,false,4,0,0,0,0,0,0,2,2,2,4,
1325,song-ee22594fb03b56bd51a7bfb1abdd7923c4803ec5a94ed0bfd1f5e495e0b25e6d,Triste,Jobim Antonio-Carlos,A,4/4,34,9,A B,38,2,0,0,0,0,,false,5,0,0,0,0,0,1,0,0,0,2,
1326,song-7f6e0616670abbcd7b6d3109c23ff25a6b91452124ec8d7ac0478c05f0218fa5,Troubled Waters,Johnston Arthur,F,4/4,25,7,A B A,31,2,1,0,0,1,1 2,false,1,0,0,0,0,0,1,0,0,0,4,
1327,song-7b9a0557230fd64e0546781570773eb9a3780e32959045fd985cfaeabd8f7755,Try A Little Tenderness,Woods Harry,Eb,4/4,26,7,A B A,38,2,2,0,0,1,1 2,false,0,0,0,0,0,0,0,0,0,0,4,
1328,song-82295fb34512a355ad41ca081c034447c177cffea3d048a37b4ce9fa637176c5,Tune Up,Davis Miles,Bb,4/4,20,5,,17,1,0,0,0,1,1 2,false,3,0,0,0,0,0,0,0,0,0,4,
1329,song-2405283f9acbbd9fda24f2de9d299fcb6f4259c1bc4bfd182ba5fa6855f58ec1,Turn Out The Stars,Evans Bill,A-,4/4,40,10,A B C,69,2,6,0,0,0,,false,0,0,0,0,0,0,1,0,0,0,4,
1330,song-0be17465091fcdbd47a01e4f8f1f03d73a4159995dd24eee62518a0fbefaac0f,Turnaround,Coleman Ornette,C,4/4,12,3,,12,2,0,0,0,0,,false,2,0,0,0,0,0,0,1,0,0,4,
1331,song-8b2285d49803d624fc0c1c8babb4bf7c5beeb76f95146930d8c83a294b5df92e,Twisted,Gray Wardell,Bb-,4/4,16,4,i A,18,2,0,0,0,1,,false,2,1,0,0,0,0,0,0,0,0,4,
1332,song-7ee98d0f45a68bece974312abb115ea0ffccae2b7a299fa308ef03f111cd7071,Twisted Blues,Montgomery Wes,Db,4/4,19,5,,26,2,0,0,0,0,,false,0,0,0,0,2,1,0,0,0,1,3,
1333,song-c97bf532eb07bfba195bfd76e810768954404518a739378c7695785c2b00bfc8,Two For The Road,Mancini Henry,G,4/4,32,8,A B A D,55,2,11,0,0,0,,false,0,0,0,0,0,0,1,0,0,0,4,
1334,song-64613a8524af7a1cbffb6c1784823ff7571c8db67234e1cd979fb17fffd62b72,Two Not One,Tristano Lennie,Ab,4/4,24,6,A B A,20,1,0,0,0,1,,false,4,0,0,0,0,0,1,0,0,0,4,
1335,song-d037fcf003c1f97adba94e060b995f9bb05012d697ac79ca0eb493bc88bb98b2,Two Sleepy People,Carmichael Hoagy,Eb,4/4,26,7,A B A,59,4,2,0,16,1,1 2,false,0,0,0,0,0,0,0,0,0,0,4,
1336,song-120ad6e624fa137e0ed2ff4279701e62d4773213b01ed1da36aa6a27bf1fcbe7,Ugly Beauty,Monk Thelonious,Db,3/4,24,6,A B A,25,2,0,0,0,1,,false,2,0,0,0,0,0,0,0,0,0,4,
1337,song-ad9dc170853de9eae312873c7f127e550f4f26d14e076f1d94f988d5f8c091c0,Un Poco Loco,Powell Bud,C,4/4,48,12,i A B,42,3,0,0,2,3,,false,9,2,0,1,2,0,0,3,0,0,4,
1338,song-71c36e6c3e6cecb9a050d5f9a523959d3feb8c00be31a45b2413c3ef38214e57,Unconditional Love,Allen Geri,G-,4/4,44,11,i A,30,2,8,0,0,2,,false,16,0,0,0,2,0,0,1,0,1,4,
1339,song-0bc686e493dcf22103b379c9300c2710ff84f745e0d9db79359dca32b1f980f3,Undecided,Shavers Charlie,C,4/4,26,7,A B A,22,2,0,0,0,1,1 2,false,10,0,0,0,0,0,0,0,0,0,4,
1340,song-d444b739066bc58758b927d4a4ab967d605becd75aa20bb77f3e5f61e26ad192,Under A Blanket Of Blue,Livingston Jerry,Ab,4/4,26,7,A B A,32,2,0,1,0,1,1 2,false,1,0,0,0,0,0,0,0,0,0,4,
1341,song-5f76fef60a466d4a2983e80102e3ea067c01083a7d4ad659d2683def2adc5083,Unforgettable,Irving Gordon,G,4/4,32,8,A B A C,31,2,0,0,0,0,,false,8,0,0,0,0,0,1,0,0,0,4,
1342,song-acc3b406c4fd3269760774270018dfc1694c0437e63129fa31ecd9646d229207,Unit Seven,Jones Sam,C,4/4,34,9,A B A,32,2,0,0,0,1,1 2,false,8,0,0,0,0,0,0,0,0,0,4,
1343,song-24dca9363a6a11da1524017a7cb989d6cf46e38650fcd258c29d9ef679c06f16,United,Shorter Wayne,F,3/4,20,5,,18,1,0,0,0,1,1 2,false,2,0,0,0,0,0,0,0,0,0,4,
1344,song-9b813361203828b05996c0fadc910ef83ea07b1b53a922abc9add1651b6bdc08,Unity Village,Metheny Pat,A-,4/4,24,6,A B C,25,2,8,0,0,0,,false,1,1,0,0,0,0,0,0,0,0,4,
1345,song-5efd45aab048c1fda3a19dbf9a10f305f4ea4080a330d634d017b37ed05af0fa,Unrequited,Mehldau Brad,C,4/4,39,10,A B,44,2,12,0,0,0,,false,0,0,0,0,1,0,1,0,0,1,3,
1346,song-dce2ab89219efcfee784d68cd1da3b4212564cfd605f94f2d0a235b3bd2ca4fd,Up Jumped Spring,Hubbard Freddie,Bb,3/4,32,8,A B,34,2,0,0,0,1,1 2 3,false,0,0,0,0,0,0,0,1,0,1,4,
1347,song-18e08e623b04137aadf0d469a525e1efda378bad70120128ce358212457e0706,Up With The Lark,Kern Jerome,C,3/4,64,8,i A B A,60,1,8,0,0,1,,false,4,0,0,0,0,0,0,1,0,0,8,
1348,song-89d7263716cdd7024dc9280a5ffeb31a84a8de18434e6e1848a5191865c78ae6,Upper Manhattan Medical Group,Strayhorn Billy,Db,4/4,26,7,A B A,26,2,0,0,0,1,1 2,false,1,0,0,0,0,0,0,0,0,0,4,
1349,song-d8f5000c3304e8112d9bbd134800ba32770aad87606901a8e9a44b5afeb17c07,Valse Hot,Rollins Sonny,Ab,3/4,24,6,i A,24,3,0,0,6,0,,false,4,0,0,0,0,0,0,0,0,0,4,
1350,song-5c5a6aad0a074e19b95543fac3c3882d6b33d55c14ed7f02c0f834a7ccbaf0ea,Very Early,Evans Bill,C,3/4,38,10,A B,43,2,0,0,0,1,,false,1,0,0,0,2,0,0,0,0,1,2,
1351,song-f3519d7b51a60dd791717ede62af924df8a501c2f0efcf62673d703f80811e90,"Very Thought Of You, The",Noble Ray,Ab,4/4,32,8,A B A C,55,2,4,0,0,0,,false,2,0,0,0,0,0,0,0,0,0,4,
1352,song-2f291eef9831ea2ffc57164d24246d8bc5158319ea278342e6d7c6cc26036362,Violets For Your Furs,Adair-Dennis,F,4/4,32,8,A B A C,55,2,0,0,0,0,,false,0,0,0,0,0,0,1,0,0,0,4,
1353,song-f9f61159db171d6db681b16f6e42a9e0883193b42ced5d154bf622c271073f6b,Virgo,Shorter Wayne,F,4/4,29,8,A B C,46,2,0,0,0,0,,false,0,0,0,0,0,0,1,0,0,0,1,
1354,song-e5d49a6cc80d81aa5452b8a71db09906a8dd7a78cceb6dad382f22ca0950fada,Virgo (Silver),Silver Horace,F,4/4,33,9,A B A C,50,2,0,0,0,1,1 2,false,1,0,0,0,2,0,1,2,0,1,4,
1355,song-0df2d1ae6f24739e2b9bfa0451244291f08c40adc33e51875a307908c886c983,Voyage,Barron Kenny,F-,4/4,26,7,A B A,31,2,0,0,0,1,1 2,false,3,0,0,0,0,0,0,0,0,0,4,
1356,song-3d4f3b3eb99591ad90632dc0fdd576aa91520aaa6945c5f51eff5f7b06ab84fd,Wabash,Adderley Cannonball,C,4/4,32,8,A B A C,36,2,0,0,0,0,,false,4,0,0,0,0,0,0,0,0,0,4,
1357,song-8b322a9fac298cd20a17c9e075f485215be1ebc35dd5ab5c0ddbc963fa82cd24,Wait Till You See Her,Rodgers Richard,Eb,3/4,35,9,A B C D,33,1,4,0,0,1,1 2,false,2,0,0,0,0,0,0,0,0,0,4,
1358,song-07392dcb813fee3d8481f312c97bd032edbba38cbb4909ad137b6fba67950203,Walk Tall,Adderley Cannonball,C,4/4,20,5,,20,3,0,0,2,2,,false,6,0,0,0,0,0,0,1,1,0,4,
1359,song-cea3654b62e85421908c4542f01d7f634a1e29de7f3846af6be84cf3f0598013,Walkin',Davis Miles,F,4/4,12,3,,16,2,0,0,0,0,,false,0,0,0,0,0,0,0,0,0,0,4,
1360,song-67c2ba5f35f7d10493a39273d11ac4b6b8d8a2f011f721f2e53203b0e8a62390,Walkin' My Baby Back Home,Ahlert-Turk,Eb,4/4,25,7,A B A,31,2,1,0,0,1,1 2,false,6,0,0,0,0,0,0,0,0,0,4,
1361,song-71a885cad80b7f8db0b957aeb220c4ced1a3ab4662016ff9bac73fe7506f2add,Walkin' Shoes,Mulligan Gerry,Eb,4/4,25,7,A B C,34,3,0,0,4,1,1 2,false,2,0,2,0,0,0,0,0,0,0,4,
1362,song-9ae6fdf962e31b4c3589724f1ed783919d5f830fe15f731fcf0e3e162fe55c16,Walkin' up,Evans Bill,C,4/4,24,6,A B A,34,2,0,0,0,1,,false,6,0,0,0,0,0,0,0,0,0,4,
1363,song-a49bdb8f2238a20637316f9092ec26a0aa14d8914543c6207bc73e9433afa318,Waltz For Debby,Evans Bill,F,3/4,80,10,A B A,79,1,27,0,0,0,,false,1,0,0,0,0,0,0,0,0,0,8,
1364,song-4d55645e01050d14ba416f91ec0b970796fad83fca59f5d7f68b5fdfee01fffd,Waltz For Ruth,Haden Charlie,Eb,3/4,32,8,A B,29,1,0,0,0,0,,false,3,0,0,0,0,0,0,0,0,0,4,
1365,song-6080f5285797beb8240d8f2ccc068f5cf4c8af3052298ff097374110dc6a1ba3,Warm Valley,Ellington Duke,Bb,4/4,26,7,A B A,45,3,0,0,4,1,1 2,false,0,0,0,0,0,0,0,0,0,0,4,
1366,song-8fffc7123d4751261037520cd96c7f57f8428b3b4b55dc5031a8ecd96cfec754,Watch What Happens,Legrand Michel,Eb,4/4,30,8,A B A,31,2,0,0,0,1,1 2,false,6,0,0,0,0,0,0,0,0,0,4,
1367,song-d5e43ecf00816d5e558cb8cfbc3fd805fcd606b7c3048fca0ca26556da2dac3b,Watermelon Man,Hancock Herbie,F,4/4,16,4,,10,1,0,1,0,0,,false,6,0,0,0,0,0,0,0,0,0,4,
1368,song-9761cf78d2d195eafd23e7d7c84a547b9dcd2e96a1854286289fa74d43957b23,Wave,Jobim Antonio-Carlos,D,4/4,32,8,A B A,41,2,6,0,0,1,,false,1,0,0,0,0,0,1,0,0,0,4,
1369,song-aa6528fb9653f792c65a0879219829321a5da2133826f983da39ec54ffc3b8ee,"Way You Look Tonight, The",Kern Jerome,F,4/4,37,10,A B,45,2,0,0,0,1,1 2,false,0,0,0,0,2,0,0,1,0,1,4,
1370,song-89e93d5a8a61f7dd19214840d3b78ea6b8a16a6a239255e288a86f52655b990a,Wayne's Thang,Garrett Kenny,E-,4/4,16,4,A A,8,1,0,0,0,0,,false,8,0,0,0,0,0,0,0,0,0,4,
1371,song-ef06d897938c1bbe7b824bdb4d48e9710744f660da6a0bb821b91510c94fd555,We See,Monk Thelonious,Bb,4/4,24,6,A B A,31,2,0,0,0,1,,false,0,0,0,0,0,0,0,0,0,0,4,
1372,song-355f8c9ec3a83b90f3fe270d8ceee8c371112076ef0585232114b02cd4f26cdf,We Will Meet Again,Evans Bill,C-,3/4,16,4,,12,1,0,0,0,0,,false,4,0,0,0,0,0,0,0,0,0,4,
1373,song-0b4be9efec04547bf4d4b15260bc31fe55f636bdedf68c45f3ce59a30d603763,We'll Be Together Again,Fisher Carl,C,4/4,26,7,A B A,48,3,0,0,4,1,1 2,false,0,0,4,0,0,0,0,0,0,0,4,
1374,song-8aef241d618a60f46f102301b1f4b3320c5a56a72db56cb86cdec5de59a6bd1d,Webb City,Powell Bud,Bb,4/4,26,7,A B A,37,2,0,0,0,1,1 2,false,3,0,0,0,0,0,0,0,0,0,4,
1375,song-faade76ab59b9c87718450a1735e4a004f48ca888d32f74b73b28c3cfc70cc94,Well You Needn't,Monk Thelonious,F,4/4,24,6,A B A,24,2,0,10,0,1,,false,4,0,0,0,0,0,0,1,0,0,4,
1376,song-6e2d39d6205fe87332c2d9df058732ae54188f773792e7d3d64b916e896cdd3d,Wendy,Desmond Paul,Eb,4/4,26,7,,30,2,0,0,0,1,1 2,true,0,0,0,0,2,0,0,0,0,1,2,
1377,song-64235e8b51ae1a3ab5fb4bb4ddf6fb1b9a7ccaedfba897e21db0fdf0ea38d966,West Coast Blues,Montgomery Wes,Bb,6/4,24,6,i A,29,2,0,0,0,1,,false,3,0,0,0,0,0,0,1,0,1,4,
1378,song-170444b12403860fd278b49698f842c6ba1e70aed3ba1b55f093d04c416f2886,What A Difference A Day Made,Grever Maria,F,4/4,32,8,A B,40,2,0,0,0,0,,false,1,0,0,0,0,0,1,0,0,0,4,
1379,song-06188a5c05285c727bf5d5d5692018b318d6a2c55ec9ff53acb02bade42369a1,What A Little Moonlight Can Do,Woods Harry,G,4/4,64,8,A B C D,49,1,1,0,0,0,,false,9,3,0,0,0,0,0,0,0,0,8,
1380,song-3879eefe9afb0fa546b6717360d946c505efbc460375d09cbca54b0f7311123b,What A Wonderful World,Weiss-Thiele,F,4/4,18,5,A B,34,4,0,0,4,1,1 2,false,0,0,0,0,0,0,0,2,0,0,4,
1381,song-4d5e754ae94ec4474f284d1563a9709709f2414b8f10cb18226d5b0910a083ed,What Are You Doing New Year's Eve?,Loesser Frank,F,4/4,26,7,A B A,42,4,1,0,4,1,1 2,false,0,0,0,0,0,0,0,0,0,0,4,
1382,song-6ffbbe31ff43719a4f034f5459f81a0111bc7b3184113a4421c0fe47f4e29a23,What Are You Doing The Rest Of Your Life?,Legrand Michel,A-,4/4,36,9,A B A,47,2,7,0,0,1,1 2,false,3,0,0,0,0,0,0,0,0,0,4,
1383,song-6341c821de52d79363cdf3bba2e46a5fa090dec4dec64c5b6f02b2cec280cab3,What Is This Thing Called Love,Porter Cole,C,4/4,24,6,A B A,18,1,0,0,0,1,,false,6,0,0,0,0,0,0,0,0,0,4,
1384,song-a200b901637f67c2e481017e281131ee04759ca2c5a37ae42752e4324e70bf54,What'll I Do,Berlin Irving,C,3/4,25,7,A B A,38,2,0,0,0,1,1 2,false,0,0,0,0,0,0,0,0,0,0,4,
1385,song-0681b6f52ab926e91f101a59cc73e97473df9326c4dfb6261af386fc14783395,What's New,Haggard Bob,C,4/4,26,7,A B A,44,2,0,0,0,1,1 2,false,0,0,0,0,0,0,0,0,0,0,4,
1386,song-988c4d84024d4a2d4e32db7d1701e07d8c155c1e04afa60ad41372d1bafbe352,When I Fall In Love,Young Victor,Eb,4/4,32,8,A B A C,59,2,0,8,0,0,,false,0,0,0,0,0,0,0,0,0,0,4,
1387,song-651ec03614a78d57d47668cea5fe29b72bc72f70c4a2d8aa0e2c5e2fed5c7c18,When It Rains,Mehldau Brad,B,4/4,16,4,,17,2,5,0,0,0,,false,0,0,0,0,0,0,0,0,0,0,4,
1388,song-c65ec53766e7b100b1d9e2c4eb978fc3a3361d67d87926566dc799541a2b550b,When It's Sleepy Time Down South,Traditional,C,4/4,26,7,A B A,46,2,2,0,0,1,1 2,false,0,0,0,0,0,0,0,0,0,0,4,
1389,song-6b53a155f02c8833eecc6c0c2056a01254499fc3bb3016c830c7b52b87dec5a1,When Lights Are Low,Carter Benny,Eb,4/4,25,7,A B A,46,2,0,0,0,1,1 2,false,0,0,0,0,0,0,0,0,0,0,4,
1390,song-1e98514b2e477d9555684963fa98edacf8d04da40a309a88e63aaccb81200266,When Sunny Gets Blue,Fisher Marvin,F,4/4,25,7,A B A,54,3,2,0,12,1,1 2,false,0,0,0,0,0,0,0,0,0,0,4,
1391,song-1dd0e4bc1828022c6e4a73df640712cc920ce64018dd11e77fec6df39820c2c3,When The Saints Go Marching In,Traditional,F,4/4,16,4,,12,2,0,0,0,0,,false,5,0,0,0,0,0,0,0,0,0,4,
1392,song-f01e1841e325be022438fc9eb3b4ffbcd4657668a5e08c81a3016bf87818cfdb,When The Sun Comes Out,Arlen Harold,G,4/4,30,8,A B A C,56,3,0,0,2,1,,false,1,0,0,0,0,0,0,0,0,0,2,
1393,song-3d37ad92786c560ea78e78406fa2b7812452f4482b987017060482bf7a90ffe2,When You Wish Upon A Star,Harline Leigh,C,4/4,25,7,A B A,41,4,0,0,4,1,1 2,false,0,0,0,0,0,0,0,0,0,0,4,
1394,song-f45d0e0eab503a6b83ed473a3006c00a656bdd609473fb1c377cc0e322adfc12,When You're Smilin',Shay - Fisher - Goodwin,Bb,4/4,32,8,A B C,23,1,0,2,0,0,,false,9,0,0,0,0,0,0,0,0,0,4,
1395,song-f070913404327d436ca617b8c178802e2302d117b9137add8c392909d30f7f86,When Your Lover Has Gone,Swan E.A.,G,4/4,32,8,A B A C,38,2,0,0,0,0,,false,2,0,0,0,0,0,0,0,0,0,4,
1396,song-a1940471d55ea9197cb440e43081768a6f45d9ac624dbd0be951d317c73f29be,Where Are You?,McHugh Jimmy,G,4/4,25,7,A B A,56,4,0,0,12,1,1 2,false,0,0,0,0,0,0,0,0,0,0,4,
1397,song-2610bb86e6968f694d8b3859dbdbc094c87854a448b4a0ad96761a296611f698,Where Or When,Rodgers Richard,Eb,4/4,32,8,A B A,32,2,0,0,0,1,1 2,false,3,0,0,0,0,0,0,0,0,0,4,
1398,song-239315b21e254fd6071b0cd34170288f747d345b593a6440a94e7ef024d54a47,While We're Young,Wilder-Palitz,Eb,3/4,64,8,A B A C,44,1,2,0,0,0,,false,20,0,0,0,0,0,0,0,0,0,8,
1399,song-3d021f3922c85f58b588787127e54b316c6805654408763947484212f73de364,Whisper Not,Golson Benny,C-,4/4,25,7,A B A,42,2,5,0,0,1,1 2,false,0,0,0,0,0,0,0,0,0,0,4,
1400,song-23d13691c4d1d05a23c0a27b3e632e687030a2afaafaa3372fe9768906ea78bf,Who Can I Turn To,Newley-Bricusse,Eb,4/4,32,8,A B A C,42,2,1,0,0,0,,false,2,0,0,0,0,0,0,0,0,0,4,
1401,song-93ba416ceeff112566d104af9a40544b5674cc65dae8fd4c058875a3d94de229,Who Cares,Gershwin George,C,4/4,32,8,A B,31,2,0,0,0,0,,false,5,0,0,0,0,0,0,0,0,0,4,
1402,song-01387971b2b9131e0248b1b4f695744bcfbcd651ea6819c6c4620bb8c8c127aa,Who's Sorry Now?,Snyder-Kalmar-Ruby,C,4/4,32,8,A B,29,3,0,0,2,0,,false,8,0,0,0,0,0,0,0,0,1,4,
1403,song-3ec1e1faef31938c42282a21ec3234f3a183bbcfa445b3f2dfd44b9fe7a3768e,Why Do I Love You?,Kern Jerome,Ab,4/4,24,6,A B C,27,2,0,0,0,1,1 2,true,0,0,0,0,0,0,0,0,0,0,4,
1404,song-022000df54beac86655a3feb029553a8daf889b0522f837efea09f6c7990cb15,Why Don't You Do Right?,McCoy Kansas-Joe,D-,4/4,12,3,,23,2,0,0,0,0,,false,0,0,0,0,0,0,0,0,0,0,4,
1405,song-b7fc3707ca10a97ffb3cfdfd68d0193a3727cd29a0e3ef7e9d5e442db11bf638,Wild Flower,Shorter Wayne,Bb,6/4,32,8,A B,39,2,0,0,0,0,,false,5,0,0,0,0,0,0,0,0,0,4,
1406,song-e7fc2f70defa3d3171c4c8c8ba3c30651cceefee3996c9d18a68d3283be1c8ba,Will You Still Be Mine?,Dennis Matt,Eb,4/4,36,9,A B,32,2,0,0,0,1,1 2,true,10,0,0,0,0,0,0,2,0,0,4,
1407,song-6114b73bf45451eb59495ef512200291a2dfdb3a8bb6007cd024b4691ea975c1,Willow Weep For Me,Ronell Ann,G,4/4,26,7,A B A,58,4,2,0,18,1,1 2,false,0,0,0,0,0,0,0,0,0,0,4,
1408,song-6fb2d766789b7612801f1aba843c9999019111aa196883b0f6f54fb153b24d11,Windows,Corea Chick,B-,3/4,52,10,A B C,32,1,7,0,0,1,,false,20,0,0,0,2,0,0,1,0,1,4,
1409,song-105439774a9b5e4ce39e6fcb9508b903c76927b572f41d8ac1ce8bde843167e8,Witch Hunt,Shorter Wayne,C-,4/4,24,6,,13,2,1,0,0,0,,false,12,0,0,0,0,0,0,0,0,0,4,
1410,song-e9685c0a028dea6be375045716f450857f30437f0a48cd37aa7f451a493fd524,Witchcraft,Coleman Cy,F,4/4,40,10,A B C,34,2,3,0,0,0,,false,9,0,0,0,0,0,0,0,0,0,4,
1411,song-8f427010101da6691321305408a90604165bea48f8154718124cf0e04f2f26e9,With A Song In My Heart,Rodgers Richard,Eb,4/4,48,12,A B C,40,1,4,0,0,1,1 2,true,8,0,0,0,0,0,0,0,0,0,4,
1412,song-4b5cd27f2dc4353a09b733fbfee9031c4f453f3c39eac40374ede985ce9c7add,With The Wind And The Rain In Your Hair,Edwards Clare,Eb,4/4,26,7,A B A,37,2,3,0,0,1,1 2,false,2,0,0,0,0,0,0,0,0,0,4,
1413,song-3e7a6fca55fbec0c21dd01b7114a619ba59b9b68afda3c020e2839d562c8f09e,Without A Song,Youmans Vincent,Eb,4/4,32,8,A B,41,2,0,0,0,1,1 2 3,false,0,0,0,0,0,0,0,1,0,1,4,
1414,song-6f59ff422512baaa5a6a74a180655e021489b8c641973fc4aac92c86d552fa39,Without A Song (Joe Henderson Changes),Youmans Vincent,Eb,4/4,44,11,A B A,52,2,0,0,0,1,1 2,false,2,0,0,0,0,0,0,0,0,0,4,
1415,song-ea087585001fa22a3384f6d02a8524ca38719da07dd3882270098b67f3c42c16,Wives And Lovers,Bacharach Burt,Eb,3/4,51,8,A B C,25,1,0,0,0,1,,false,2,12,0,0,0,0,0,0,0,0,8,
1416,song-e60ba990683fdc843b789e2f406ac52c0193f7ac03bc1d6bf1da3970020c3dac,Woody'n You,Gillespie Dizzy,Db,4/4,24,6,A B A,28,2,0,4,0,1,,false,2,0,0,0,0,0,0,0,0,0,4,
1417,song-ddfc37dcee3858424c9bc03cc2bfc0e6b7280aea62fc65944fe49e416b7a8353,Work,Monk Thelonious,Db,4/4,25,7,A B C,22,2,0,0,0,1,,false,7,0,0,0,2,0,0,0,0,1,1,
1418,song-b1addf52b4970fa5a4f93ac7e1b8648d797cb71c5793d8cec1e4d3eed2b267e6,Work Song,Adderley Nat,F-,4/4,16,4,,9,2,0,0,0,0,,false,8,0,0,0,0,0,0,0,0,0,4,
1419,song-feaa8976b5da174abe817d9783fada9c12cc3b7f6a15b5dacb3b289109fa9bca,Wouldn't It Be Loverly,Loewe Frederick,G,4/4,31,9,A B A,57,2,11,0,0,1,1 2,false,0,0,0,0,2,0,0,0,0,1,3,
1420,song-175c0e66e6365c32a211b103a7d36d3e4bb4bf0e1929abd6c30ddac01b05accd,Wow,Tristano Lennie,F,4/4,32,8,A B C A,33,2,0,0,0,0,,false,4,0,0,0,0,0,1,0,0,0,4,
1421,song-55e27a8b96c408f765dacc1ebb0cc26459c3229e245dc774f522cbcb7d9b9ea3,Wrap Your Troubles In Dreams,Barris Harry,C,4/4,25,7,A B A,48,2,2,0,0,1,1 2,false,0,0,0,0,0,0,0,0,0,0,4,
1422,song-aa8bbcfbabc41ea8c7aec560f8a0dcc897a067a6d519e04c03b12d2bb199a6d1,Yardbird Suite,Parker Charlie,C,4/4,26,7,A B A,37,2,0,0,0,1,1 2,false,0,0,0,0,0,0,0,0,0,0,4,
1423,song-93cacc11e25dfe1cf789ab77e4e048d626427fce6d2865d522b61d7a86a56caf,Yes And No,Shorter Wayne,D,4/4,30,8,A B,17,2,0,0,0,1,,false,15,0,0,0,0,0,0,2,0,0,4,
1424,song-9f0c17305b9c674386c8ce29ed582aab0025c59af0a36938c7d61d597124dc40,Yesterday's Gardenias,Mysels Robertson,Bb,4/4,33,9,A B A C,62,2,0,0,0,0,,false,0,0,0,0,2,1,0,0,0,0,1,
1425,song-af49bc56e114a125677e92042e8fb4242019d787517d92dace8959f132ef7e92,Yesterdays,Kern Jerome,D-,4/4,16,4,,19,2,2,0,0,0,,false,0,0,0,0,0,0,0,0,0,0,4,
1426,song-74161aa64b9969155f8467c6184f1060d92d3a9b82d6aa92eaa0f4ab58b7ff61,You And The Night And The Music,Schwartz Arthur,C-,4/4,24,6,A B A,28,2,0,0,0,1,,false,4,0,0,0,0,0,0,0,0,0,4,
1427,song-59177d4ed468dfc736e5a9cdcfaf33c0361b2b52a8e69ac6d0b8972e4ca8e402,You Are Too Beautiful,Rodgers Richard,C,4/4,26,7,A B A,56,3,3,0,10,1,1 2,false,0,0,0,0,0,0,1,0,0,0,4,
1428,song-570c6e297bd22468538c6cb7f659d0327c8b8f272166e37c02b1bfd9177308d2,You Better Go Now,Reichner-Graham,Eb,4/4,24,6,A B C,43,4,0,0,4,0,,false,3,0,0,0,0,0,0,0,0,1,4,
1429,song-62a07b5c7879b2f35e220f81fa7da830c026d8f88911ab72a2cfc3c421f88b56,You Better Leave It Alone,Jordan Clifford,Bb,4/4,18,5,,11,1,0,0,0,1,1 2,false,7,0,0,0,0,0,0,0,0,0,2,
1430,song-ef74893a3e819e201379afb139981f2cbd06f0cb0749752f2283a32d6e5a8b44,You Brought A New Kind Of Love To Me,Fain-Kaval-Norman,Ab,4/4,26,7,A B A,43,2,2,0,0,1,1 2,false,0,0,0,0,0,0,0,0,0,0,4,
1431,song-52ee7ae0b2aa0af196dec7db9ea1539447d25ea2d7e15e5c5a9652a3ac652d1d,You Can Depend On Me,Carpenter-Dunlap-Hines,F,4/4,26,7,A B A,27,2,0,0,0,1,1 2,false,3,0,0,0,0,0,1,0,0,0,4,
1432,song-f7b309a93c0c190fc11f804f0a5782d828097c4eff224fe4eb917f21647c00db,You Do Something To Me,Porter Cole,Eb,4/4,32,8,A B C,37,2,3,10,0,0,,false,2,0,0,0,0,0,0,0,0,0,4,
1433,song-1cd85033ae3a31c8bdf717f16e2b8e77f032a4b7ffadecf9be14ad30c66108bd,You Don't Know What Love Is,Raye-DePaul,F-,4/4,26,7,A B A,44,4,0,0,8,1,1 2,false,0,0,0,0,0,0,0,0,0,0,4,
1434,song-27d7ff8376f42eb5f396b571181b55a76d669d715188337aa729ffb0a612cfe4,You Go To My Head,Coots Fred,Eb,4/4,34,9,A B A C,60,4,3,7,5,1,1 2,false,0,0,0,0,0,0,0,0,0,0,4,
1435,song-4caaee8b6d7a1140bae04a21ba7cc212c2ba6b804525f70ec4527b69c1649009,You Keep Coming Back Like A Song,Berlin Irving,Eb,4/4,32,8,A B,40,2,0,0,0,0,,false,1,2,0,0,0,0,0,0,0,1,4,
1436,song-1b778c553a2b17d3ff9caa2eabca5b3e062906c5f2efc731221a8eb86d75fa51,You Know I Care,Pearson Duke,C,4/4,31,8,A B A,65,4,14,20,22,0,,false,0,0,0,0,1,2,0,0,0,7,5,
1437,song-090a2f2bacb17e900c89bf0dc47b4ee3b81fec01d68835ab18920fd380e583c0,You Made Me Love You,Monaco James,C,4/4,32,8,A B,38,2,0,0,0,0,,false,8,0,0,0,0,0,0,0,0,0,4,
1438,song-aaa4eb08602546cea8fcbed65930dfac96f1817fc7fe1f8b9d7def88dd63edf9,You Make Me Feel So Young,Myrow Josef,Bb,4/4,32,8,A B C,54,2,3,20,0,1,,false,0,0,0,0,0,0,0,0,0,0,4,
1439,song-e2c6281508c7e4e4b464ce2d7919e1a06f6ceef794fa060054ead3820371f8d3,You Must Believe In Spring,Legrand Michel,C-,4/4,26,7,A B C,51,2,6,4,0,0,,false,0,0,0,0,0,0,0,0,0,0,2,
1440,song-f4cca6263a1e96e986bbbc30cde680faa851f450b88cfbe4d024ea475f8e416e,You Stepped Out Of A Dream,Nacio-Herb-Brown,C,4/4,32,8,A B A C,30,2,0,0,0,0,,false,6,0,0,0,0,0,0,0,0,0,4,
1441,song-9beee1365904101cfb4a594453793a8bddcfcb6a3d1fe239314de2c9d8d656a6,You Taught My Heart To Sing,Tyner McCoy,Ab,4/4,23,6,A B C,40,3,4,0,7,1,1 2,false,4,0,0,0,0,0,0,0,0,0,3,
1442,song-7977ade8a7434eac2f3144205cf2a8b2449e41ea2b9abc0c094632ca7bd777d2,You Took Advantage Of Me,Rodgers Richard,Eb,4/4,25,7,A B A,57,4,0,0,14,1,1 2,false,0,0,0,0,0,0,0,0,0,0,4,
1443,song-9349df469e769aa29e738c6b61dc2075846e0801167e6a61a0a53ea82f1686d6,You Turned The Tables on Me,Alter Louis,F,4/4,32,8,A B,38,2,0,0,0,0,,false,2,0,0,0,0,0,0,0,0,0,4,
1444,song-75b301c18a4ecf4d436a093f38c9ef479c696167fe1242e810bebfdc0cc2dbae,You Won't Forget Me,Goell-Spielman,Bb-,4/4,32,8,A B C D,33,2,3,0,0,0,,false,0,0,0,0,0,0,0,0,0,0,4,
1445,song-ac364fffc273ac9f4f11b83ab460211fbfbe6c4e22ffba7ffce91cd5c65bc0a6,You'd Be So Nice To Come Home To,Porter Cole,A-,4/4,32,8,A B A D,31,2,1,0,0,0,,false,5,0,0,0,0,0,0,0,0,0,4,
1446,song-6cb6748067efb382b54e6d8af599b806d4244429261af0c722cf21ca599e11c8,You're Blasé,Hamilton Ord,F,4/4,22,6,A B A,30,4,0,0,4,1,1 2,false,3,0,0,0,0,0,0,0,0,0,4,
1447,song-7267274fe28af779e10248505560752cf5f8096afdacc86aa44e9cd5aec4d44b,You're Everything,Corea Chick,A,4/4,59,8,A B C B,59,1,2,0,0,0,,false,0,0,0,0,0,0,0,0,0,0,4,
1448,song-324d316eb851258bde2cca517ef31f90c4660f93c7d28be6cc533d03c9e62f78,You're Laughing At Me,Berlin Irving,Eb,,32,8,A B A C,54,2,8,0,0,0,,false,0,0,0,0,0,0,0,0,0,0,4,
1449,song-b4009c3e537f45b2bd7053fa444cf73f6238b191829904dfc495f59f2cef49df,You're My Everything,Warren Harry,C,4/4,32,8,A B,41,2,2,0,0,0,,false,2,0,0,0,0,0,0,0,0,0,4,
1450,song-455e4127f6e72b4be2cc0f1dd274245f47d1b000705f9fde19212a64a8a481fa,You're My Thrill,Gorney Jay,A,4/4,28,7,A B C,34,2,0,0,0,1,,false,4,0,0,0,0,0,0,0,0,0,4,
1451,song-4bae160fb96704fc95dab47c81f4ec3f555727c771b86635fa023fbb2412e9a9,You're Nobody Till Somebody Loves You,Morgan-Stock-Cavanaugh,Eb,4/4,32,8,A B A C,33,2,1,0,0,0,,false,4,0,0,0,0,0,0,0,0,0,4,
1452,song-a27db904b223eeef8f385b7b248cd0c920e76c34f6f78cb47010bfdbcbd04397,You're The Top,Porter Cole,Eb,4/4,42,11,v A B C,64,2,0,0,0,1,1 2,false,0,0,2,0,0,0,0,0,0,0,4,
1453,song-3963ffdb725f18f7bbbc9eef6fdd6d6445a64a4d5c5ca0483955bd92fa4c3fcf,You've Changed,Fisher Carl,Eb,4/4,26,7,A B A,38,2,0,0,0,1,1 2,false,0,0,0,0,0,0,0,0,0,0,4,
1454,song-743bda68c1e5df7533e821c6710db11b1893941284373062ac3db881b9d761d9,Young And Foolish,Hague Albert,C,4/4,32,8,A B A C,47,2,2,0,0,0,,false,0,0,0,0,0,0,0,0,0,0,4,
1455,song-b8c3672d24cb5a2080c41a32ee32b4e3940437771f56b3bd83dfcb73546d9424,Young At Heart,Richards Johnny,Bb,4/4,24,6,A B C,36,4,2,0,6,1,1 2,true,5,0,0,0,0,0,0,0,0,0,4,
1456,song-7484547f55cfd8a996ace152e40271c5567a2dea2121ee517a86a21bbe432436,Yours Is My Heart Alone,Lehar Franz,F,4/4,28,7,A B A,26,2,0,0,0,0,1 2,false,3,0,0,0,0,0,0,0,0,0,4,
1457,song-efa291dea488f965c1065d2127262f5b1fe81afc686c25ff11409401e1cafa1b,Zhivago,Rosenwinkel Kurt,Eb-,3/4,86,11,i A A B C D,86,1,9,0,0,4,,false,0,0,0,0,0,0,0,0,0,1,8,
1458,song-872b400b0a2c536f4b85a764b0569c4b16d487b6a307b1a1960f240658a2c669,Zing Went The Strings Of My Heart,Hanley James,Eb,4/4,44,7,A B A,39,2,0,0,6,1,1 2,false,13,0,0,0,0,0,0,0,0,0,8,
1459,song-5fb22e0ba38d2d4c4c1b85d2113cafb29b7b84571d2db77f2e493c645f7bac8f,Zingaro (Retrato Em Branco E Preto),Jobim Antonio-Carlos,G-,4/4,32,8,A B,25,2,3,0,0,0,,false,8,0,4,0,0,0,1,0,0,0,4,
1460,song-534925eb08e1dae9e143430077e64c53edeb64bd4f2f8da52847f1a8ffe80acf,Zoltan,Shaw Woody,C,4/4,24,6,A B A,11,2,0,0,0,1,,false,15,0,0,0,0,0,0,0,0,0,4,
